-- MySQL dump 10.13  Distrib 8.0.23, for Win64 (x86_64)
--
-- Host: 127.0.0.1    Database: xanthomonas
-- ------------------------------------------------------
-- Server version	8.0.22

/*!40101 SET @OLD_CHARACTER_SET_CLIENT=@@CHARACTER_SET_CLIENT */;
/*!40101 SET @OLD_CHARACTER_SET_RESULTS=@@CHARACTER_SET_RESULTS */;
/*!40101 SET @OLD_COLLATION_CONNECTION=@@COLLATION_CONNECTION */;
/*!50503 SET NAMES utf8 */;
/*!40103 SET @OLD_TIME_ZONE=@@TIME_ZONE */;
/*!40103 SET TIME_ZONE='+00:00' */;
/*!40014 SET @OLD_UNIQUE_CHECKS=@@UNIQUE_CHECKS, UNIQUE_CHECKS=0 */;
/*!40014 SET @OLD_FOREIGN_KEY_CHECKS=@@FOREIGN_KEY_CHECKS, FOREIGN_KEY_CHECKS=0 */;
/*!40101 SET @OLD_SQL_MODE=@@SQL_MODE, SQL_MODE='NO_AUTO_VALUE_ON_ZERO' */;
/*!40111 SET @OLD_SQL_NOTES=@@SQL_NOTES, SQL_NOTES=0 */;

--
-- Table structure for table `alias`
--

DROP TABLE IF EXISTS `alias`;
/*!40101 SET @saved_cs_client     = @@character_set_client */;
/*!50503 SET character_set_client = utf8mb4 */;
CREATE TABLE `alias` (
  `alias` varchar(45) NOT NULL,
  `name` varchar(45) NOT NULL,
  PRIMARY KEY (`alias`),
  KEY `fk_ALIAS_TEST` (`name`),
  CONSTRAINT `fk_ALIAS_TEST` FOREIGN KEY (`name`) REFERENCES `strain` (`name`) ON DELETE RESTRICT ON UPDATE CASCADE
) ENGINE=InnoDB DEFAULT CHARSET=utf8;
/*!40101 SET character_set_client = @saved_cs_client */;

--
-- Dumping data for table `alias`
--

LOCK TABLES `alias` WRITE;
/*!40000 ALTER TABLE `alias` DISABLE KEYS */;
INSERT INTO `alias` VALUES ('CFBP7943','106M'),('M106','106M'),('M120','120M'),('M136','136M'),('M89','89M'),('CFBP7942','97M'),('M97','97M'),('MAFF106642','AZ98101'),('MAFF106644','AZ98106'),('CFBP7342','BAI11'),('LMG25976','BAI11'),('LMG26387','BAI12'),('LMG26388','BAI13'),('LMG26389','BAI14'),('CFBP7343','BAI15'),('LMG25977','BAI15'),('LMG26390','BAI16'),('LMG26391','BAI17'),('LMG26392','BAI19'),('LMG26393','BAI20'),('LMG26394','BAI21'),('LMG26395','BAI22'),('CFBP7344','BAI23'),('LMG25978','BAI23'),('LMG27225','BAI35'),('LMG27226','BAI36'),('LMG27227','BAI43'),('LMG27228','BAI44'),('CFBP7341','BAI5'),('LMG25975','BAI5'),('LMG26385','BAI6'),('LMG26386','BAI7'),('CFBP7109','BLS256'),('LMG27109','BLS256'),('ATCC19314','CFBP1156'),('DSM19077','CFBP1156'),('ICMP189','CFBP1156'),('LMG739','CFBP1156'),('NCPPB599','CFBP1156'),('ATCC19313','CFBP1159'),('ICPBXC12','CFBP1159'),('LMG689','CFBP1159'),('NCPPB935','CFBP1159'),('ATCC49083','CFBP2528'),('ICMP35','CFBP2528'),('LMG747','CFBP2528'),('NCPPB411','CFBP2528'),('NCPPB411.','CFBP2528'),('ICMP8923','CFBP3123'),('LMG12141','CFBP3123'),('ATCC19045','CFBP3523'),('LMG677','CFBP3523'),('NCPPB1832','CFBP3523'),('LMG19146','CFBP3548'),('PD3164','CFBP3548'),('PD3160','CFBP3549'),('ATCC19316','CFBP3894'),('CFBP2535','CFBP3894'),('ICMP51','CFBP3894'),('NCPPB416','CFBP3894'),('ICMP8452','CFBP4021'),('ICMP8457','CFBP4023'),('ICMP6774','CFBP4691'),('LMG8684','CFBP4691'),('NCPPB4353','CFBP4691'),('PD2694','CFBP6762'),('PD2697','CFBP6763'),('LMG19144','CFBP6770'),('PD2696','CFBP6770'),('PD2803','CFBP6772'),('PD3145','CFBP6773'),('ICMP3279','CFBP7152'),('LMG5402','CFBP7152'),('12763','CFBP7179'),('ICMP7180','CFBP7278'),('LMG8676','CFBP7278'),('12585','CFBP7279'),('12578','CFBP7294'),('12580','CFBP7295'),('12581','CFBP7296'),('12588','CFBP7298'),('12589','CFBP7299'),('12709','CFBP7300'),('12765','CFBP7301'),('12770','CFBP7302'),('12772','CFBP7303'),('12780','CFBP7304'),('ICMP5743','CFBP7408'),('LMG731','CFBP7408'),('NCPPB1932','CFBP7408'),('NCPPB2978','CFBP7410'),('NCPPB2099','CFBP7411'),('NCPPB4326','CFBP7412'),('NCPPB3200','CFBP7413'),('NCPPB3218','CFBP7414'),('NCPPB2856','CFBP7415'),('NCPPB2864','CFBP7416'),('NCPPB2865','CFBP7417'),('NCPPB2866','CFBP7418'),('NCPPB1826','CFBP7419'),('LMG8983','CFBP7602'),('XNP1','CFBP7602'),('LMG8985','CFBP7603'),('XNP3','CFBP7603'),('LMG8987','CFBP7604'),('XNP5','CFBP7604'),('LMG8990','CFBP7605'),('XNP8','CFBP7605'),('LMG8998','CFBP7607'),('XNP18','CFBP7607'),('A4658','CFBP7608'),('LMG12918','CFBP7608'),('A4360','CFBP7609'),('LMG12920','CFBP7609'),('KZ3by','CFBP7610'),('LMG12940','CFBP7610'),('LMG12942','CFBP7611'),('SDAX8103','CFBP7611'),('BDAX5601','CFBP7612'),('LMG12944','CFBP7612'),('LMG12947','CFBP7613'),('TIKO','CFBP7613'),('LMG12948','CFBP7614'),('XMG8101','CFBP7614'),('LMG12953','CFBP7615'),('Tea8404y','CFBP7615'),('LMG12954','CFBP7616'),('Pea8501','CFBP7616'),('LMG12955','CFBP7617'),('Pea8503','CFBP7617'),('Chry2','CFBP7618'),('LMG12956','CFBP7618'),('LMG8995','CFBP7620'),('XNP15','CFBP7620'),('291-85','CFBP7622'),('LMG12455','CFBP7622'),('P8-20','CFBP7629'),('P9-12','CFBP7630'),('P11-21','CFBP7631'),('P8-15','CFBP7632'),('P8-6','CFBP7633'),('P8-10','CFBP7634'),('P2-21','CFBP7635'),('P7-27','CFBP7636'),('P3-6','CFBP7637'),('P3-24','CFBP7638'),('P8-14','CFBP7639'),('P7-18','CFBP7640'),('P2-7','CFBP7641'),('P10-14','CFBP7644'),('P7-4','CFBP7645'),('P10-8','CFBP7646'),('P2-4','CFBP7647'),('P11-12','CFBP7648'),('P10-25','CFBP7649'),('P10-19','CFBP7650'),('CS5F','CFBP7651'),('SPS1','CFBP7652'),('CS2','CFBP7653'),('CB1','CFBP7654'),('P16-11','CFBP7655'),('P9-21','CFBP7656'),('12710','CFBP8253'),('12785','CFBP8254'),('CFBP7245','ICMP12167'),('NCPPB4446','ICMP12167'),('NCPPB4363','ICMP2415'),('NCPPB1155','ICMP84'),('174-85','LMG12456'),('RAR59','LMG12457'),('RAR67','LMG12458'),('ChineseNP2','LMG12459'),('ChineseNP3','LMG12460'),('ChineseNP1','LMG12461'),('TexasX1-1','LMG12462'),('A4359','LMG12919'),('A4361','LMG12921'),('Lettuce79-2','LMG12938'),('Lettuce79-4','LMG12939'),('KZ8801y','LMG12941'),('SDAX8501','LMG12943'),('TX8601','LMG12945'),('TG4','LMG12946'),('Xcar1','LMG12949'),('Xcar6','LMG12950'),('XCANNAG','LMG12951'),('Tea712','LMG12952'),('Chry8531','LMG12957'),('A4102','LMG13546'),('A4832','LMG13549'),('CFBP6771','LMG19145'),('PD2780','LMG19145'),('GBBC-Xf920','LMG25863'),('GBBC-2097','LMG26906'),('R-46653','LMG26906'),('GBBC-2049','LMG26912'),('S-Tr-1','LMG26912'),('GCCB-2050','LMG26913'),('S-Tr-2','LMG26913'),('XNP2','LMG8984'),('XNP4','LMG8986'),('XNP6','LMG8988'),('XNP7','LMG8989'),('XNP9','LMG8991'),('XNP10','LMG8992'),('XNP11','LMG8993'),('XNP13','LMG8994'),('XNP16','LMG8996'),('XNP17','LMG8997'),('XNP20','LMG8999'),('XNP21','LMG9000'),('XNP22','LMG9001'),('XNP24','LMG9002'),('92M','M92'),('CFBP7941','M92'),('LMG27591','M92'),('LMG26396','MAI16'),('LMG26397','MAI17'),('CFBP7338','MAI18'),('LMG25981','MAI18'),('LMG26398','MAI20'),('LMG26399','MAI22'),('CFBP7339','MAI23'),('LMG25982','MAI23'),('LMG26400','MAI25'),('LMG27223','MAI29'),('CFBP7326','MAI3'),('LMG27221','MAI3'),('LMG26401','MAI36'),('LMG26402','MAI42'),('LMG27224','MAI46'),('A1','nA1'),('A2','nA2'),('ATCC23380','NCPPB1159'),('PD2806','NCPPB4183'),('E1','nE1'),('N1','nN1'),('S1','nS1'),('T1','nT1'),('GPE40','XAS1'),('GPE39','XAS3'),('ART-XTG10','XTG10'),('ART-XTG2','XTG2'),('ART-XTG29','XTG29'),('ART-XTG9','XTG9');
/*!40000 ALTER TABLE `alias` ENABLE KEYS */;
UNLOCK TABLES;

--
-- Table structure for table `author`
--

DROP TABLE IF EXISTS `author`;
/*!40101 SET @saved_cs_client     = @@character_set_client */;
/*!50503 SET character_set_client = utf8mb4 */;
CREATE TABLE `author` (
  `firstName` varchar(45) NOT NULL,
  `lastName` varchar(45) NOT NULL,
  PRIMARY KEY (`firstName`,`lastName`)
) ENGINE=InnoDB DEFAULT CHARSET=utf8;
/*!40101 SET character_set_client = @saved_cs_client */;

--
-- Dumping data for table `author`
--

LOCK TABLES `author` WRITE;
/*!40000 ALTER TABLE `author` DISABLE KEYS */;
INSERT INTO `author` VALUES ('Abhaya M','Dandekar'),('Ahmed','Hajri'),('Akira','Kawaguchi'),('Alexander','Goesmann'),('Alexander N','Ignatov'),('Alice','Kabeja'),('Amandeep','Kaur'),('Ana','Palacio-Bielsa'),('Anastasia M','Kamionskaya'),('Anne','Alvarez'),('Anne K','Vidaver'),('Armelle','Darrasse'),('Augustine','Musoni'),('B','Cottyn'),('Bart','Cottyn'),('Beat','Boller'),('Brion','Duffy'),('C','Tekete'),('Camila','V{\'e}liz'),('Camille','Li-Marchetti'),('Carolina','Gonzalez'),('Carrie L','Brady'),('Charles','Manceau'),('Christelle','Brin'),('Christina','Boucher'),('Christophe','Lemaire'),('Chrystelle','Brin'),('Cinzia','Van Malderghem'),('C{\'e}line','Pesce'),('C{\'e}line','Rousseau'),('D-C','Park'),('Damien','Meyer'),('Daniel','Sochard'),('Daniel','Wibberg'),('Daphrose','Gahakwa'),('David','Studholme'),('David J','Studholme'),('Dean W','Gabriel'),('Dennie','te Molder'),('Deyong','Ren'),('DJ','Norman'),('Don A','Roth'),('Douglas G','Luster'),('DRW','Watson'),('D{\'e}borah','Merda'),('E','Karamura'),('Elena I','Kyrova'),('Eric B','Holub'),('F','Delort'),('Fischer-Le','Saux'),('FJ','De Bruijn'),('FJ','Louws'),('Floride','Mukamuhirwa'),('Francisca','Vera'),('Franco','Widmer'),('Frank-J{\"o}rg','Vorh{\"o}lter'),('Fred','Kato'),('G','Karamura'),('G','Orian'),('Gast{\'o}n','Higuera'),('Guillaume','Lebreton'),('Guojun','Dong'),('Haiyan','Lin'),('HJ','Miller'),('Hossein','Gouran'),('I','Sano'),('I','Wonni'),('Ilse','Cleenwerck'),('Isabelle','Pieretti'),('J','Guillaumes'),('J-H','Daugrois'),('Jacob','Snelling'),('Jaime','Cubero'),('Jaime','Romero'),('James','Harrison'),('James E','Adaskaveg'),('JD','Janse'),('Jean','Swings'),('Jean-Fran{c{c}}ois','Guimbaud'),('Jean-Heinrich','Daugrois'),('Jerome','Kubiriba'),('Jerson','Garita-Cambronero'),('JLW','Rademaker'),('JM','Young'),('Joachim','Vandroemme'),('Joana G','Vicente'),('Jochen','Blom'),('Joe','Tohme'),('Jonathan M','Jacobs'),('Jorge Ibarra','Caballero'),('Jo{\"e}l F','Pothier'),('JP','Wilkie'),('Julian','Smith'),('K','Arai'),('K','Uehara'),('Kanika','Bansal'),('Karel','Kersters'),('Karine','Durand'),('Koji','Inoue'),('L','Detemmerman'),('L','Ouedraogo'),('L','Triplett'),('Laurent','Costet'),('Lena','Hersemann'),('Li','Zhu'),('Lindsay R','Triplett'),('Liwen','Wu'),('Longbiao','Guo'),('Louis','Butare'),('Lo{\"i}c','Deblais'),('Luc','Vauterin'),('Luiz Ricardo','Goulart'),('Marcelo M','Zerillo'),('Marco','Scortichini'),('Maria M','Lopez'),('Marie-Agn{`e}s','Jacques'),('Marion','Fischer-Le Saux'),('Martial','Briand'),('Martine','Maes'),('Mar{\'i}a M','L{\'o}pez'),('Mathew M','Abang'),('Matthieu','Arlat'),('Melanie','Sapp'),('MH','Schultz'),('Michael J','Davis'),('Monique','Royer'),('Murray R','Grant'),('Narjol','Gonz{\'a}lez-Escalona'),('Ned','Tisserat'),('Norman W','Schaad'),('Ousmane','Koita'),('Patrice','Champoiseau'),('Patrizia','Ferrante'),('Pei-Yu','Yang'),('Philippe','Rott'),('Philippe C','Rott'),('Pierre','Lefeuvre'),('Ping','Yang'),('Prabhu B','Patil'),('R','Corral'),('Rafael','Nascimento'),('Ralf','Koebnik'),('Rene','Corral'),('RL','Forster'),('Robert E','Stall'),('Robin','Buruchara'),('Roger','Frutos'),('Roland','K{\"o}lliker'),('Rolf','Kraehenbuehl'),('Rosiane','Boisne-Noc'),('S','Dao'),('S','Poussier'),('S','Sarra'),('S Ali','Mirghasempour'),('Salwa','Essakhi'),('Samriti','Midha'),('Sanjeet','Kumar'),('Shau-Chang','Huang'),('Shiwen','Huang'),('Silvia','Restrepo'),('Sophie','Bonneau'),('Sophie','Cesbron'),('Sophie','Gironde'),('Steve','Rothwell'),('St{\'e}phane','Cociancich'),('Suresh','Korpole'),('Svetlana V','Vinogradova'),('T','Nonaka'),('Tony','Campillo'),('Tristan','Boureau'),('Ulisses P','Pereira'),('V','Dumont'),('Valente','Aritua'),('Valentin','Pfl{\"u}ger'),('Val{\'e}rian','Meline'),('Val{\'e}rie','Verdier'),('Weijun','Ye'),('Wesley','Delage'),('Yasuhiro','Inoue'),('Yuichi','Takikawa'),('Yung-An','Lee'),('Yunxia','Fang');
/*!40000 ALTER TABLE `author` ENABLE KEYS */;
UNLOCK TABLES;

--
-- Temporary view structure for view `filtered`
--

DROP TABLE IF EXISTS `filtered`;
/*!50001 DROP VIEW IF EXISTS `filtered`*/;
SET @saved_cs_client     = @@character_set_client;
/*!50503 SET character_set_client = utf8mb4 */;
/*!50001 CREATE VIEW `filtered` AS SELECT 
 1 AS `strainName`,
 1 AS `citationKey`,
 1 AS `hostGenus`,
 1 AS `hostSpecies`,
 1 AS `method`,
 1 AS `pathogenicity`,
 1 AS `symptoms`*/;
SET character_set_client = @saved_cs_client;

--
-- Table structure for table `host`
--

DROP TABLE IF EXISTS `host`;
/*!40101 SET @saved_cs_client     = @@character_set_client */;
/*!50503 SET character_set_client = utf8mb4 */;
CREATE TABLE `host` (
  `genus` varchar(45) NOT NULL,
  `species` varchar(45) NOT NULL,
  PRIMARY KEY (`genus`,`species`)
) ENGINE=InnoDB DEFAULT CHARSET=utf8;
/*!40101 SET character_set_client = @saved_cs_client */;

--
-- Dumping data for table `host`
--

LOCK TABLES `host` WRITE;
/*!40000 ALTER TABLE `host` DISABLE KEYS */;
INSERT INTO `host` VALUES ('Acanthospermum','hispidum'),('Actinidia','deliciosa'),('Allium','cepa'),('Anthurium','andreanum'),('Aralia',''),('Arracacia','xanthorrhiza'),('Arrhenatherum','elatius'),('Asparagus','virgatus'),('Begonia','natalensis'),('Brachiaria','lata'),('Brassica','oleracea'),('Bromus','inermis'),('Camellia','sinensis'),('Cannabis','sativa'),('Capsicum','annuum'),('Cheiranthus','cheiri'),('Chrysanthemum','coronarium'),('Chrysanthemum','morifolium'),('Citrus',''),('Citrus','sinensis'),('Corylus','avellana'),('Corylus','maxima'),('Cucumis','sativus'),('Daucus','carota'),('Diospyros','kaki'),('Dysoxylum','spectabile'),('Eriostemon','myoporoides'),('Eucalyptus',''),('Euphorbia','heterophylla'),('Euphorbia','pulcherrima'),('Festuca','pratensis'),('Fragaria',''),('Fragaria','ananassa'),('Glycine','max'),('Guizotia','abyssinica'),('Hordeum','vulgare'),('Hyacinthus','orientalis'),('Ischaemum','rugosum'),('Juglans',''),('Juglans','regia'),('Lactuca','sativa'),('Laurelia','novae-zelandiae'),('Leersia','hexandra'),('Linaria',''),('Lolium','multiflorum'),('Lolium','perenne'),('Lycopersicum','esculentum'),('Magnolia',''),('Magnolia','stellata'),('Magnolia','virginiana'),('Mahonia','lomariifolia'),('Malus','domestica'),('Maniholt','esculenta'),('Metrosideros','excelsa'),('Musa','acuminata'),('Nasturtium','officinale'),('Nicotiana','benthamiana'),('Nicotiana','tabacum'),('Oryza','barthii'),('Oryza','longistaminata'),('Oryza','sativa'),('Panicum','bisulcatum'),('Paspalum','dilatatum'),('Paspalum','vaginatum'),('Pelargonium','peltatum'),('Pennisetum',''),('Phaseolus',''),('Phaseolus','vulgaris'),('Phleum','pratense'),('Physalis','peruviana'),('Pisum','sativum'),('Poa','trivialis'),('Populus',''),('Populus','canadensis'),('Populus','deltoides'),('Populus','generosa'),('Populus','interamericana'),('Prunus',''),('Prunus','amygalus'),('Prunus','amygdalus'),('Prunus','armeniaca'),('Prunus','domestica'),('Prunus','dulcis'),('Prunus','japonica'),('Prunus','laurocerasus'),('Prunus','mahaleb'),('Prunus','persica'),('Prunus','salicina'),('Pueraria','robata'),('Raphanus','sativus'),('Saccharum','officinarum'),('Salix',''),('Salix','alba'),('Salixs',''),('Salvia','rosmarinus'),('Scilla','tubergeniana'),('Secale','cereale'),('Sesamum','indicum'),('Solanum','lycopersicum'),('Solanum','nigrum'),('Sorghum','vulgare'),('Syzygium','aromaticum'),('Triticale',''),('Triticum','aestivum'),('Weeds',''),('Zantedeschiae',''),('Zantedeschiae','aethiopica'),('Zea','mays');
/*!40000 ALTER TABLE `host` ENABLE KEYS */;
UNLOCK TABLES;

--
-- Temporary view structure for view `hostverified`
--

DROP TABLE IF EXISTS `hostverified`;
/*!50001 DROP VIEW IF EXISTS `hostverified`*/;
SET @saved_cs_client     = @@character_set_client;
/*!50503 SET character_set_client = utf8mb4 */;
/*!50001 CREATE VIEW `hostverified` AS SELECT 
 1 AS `strainName`*/;
SET character_set_client = @saved_cs_client;

--
-- Temporary view structure for view `nonpathogens`
--

DROP TABLE IF EXISTS `nonpathogens`;
/*!50001 DROP VIEW IF EXISTS `nonpathogens`*/;
SET @saved_cs_client     = @@character_set_client;
/*!50503 SET character_set_client = utf8mb4 */;
/*!50001 CREATE VIEW `nonpathogens` AS SELECT 
 1 AS `name`,
 1 AS `pathogenicity`,
 1 AS `source`*/;
SET character_set_client = @saved_cs_client;

--
-- Table structure for table `paper`
--

DROP TABLE IF EXISTS `paper`;
/*!40101 SET @saved_cs_client     = @@character_set_client */;
/*!50503 SET character_set_client = utf8mb4 */;
CREATE TABLE `paper` (
  `citationKey` varchar(45) NOT NULL,
  `title` varchar(450) DEFAULT NULL,
  `yournal` varchar(100) DEFAULT NULL,
  `year` year DEFAULT NULL,
  PRIMARY KEY (`citationKey`)
) ENGINE=InnoDB DEFAULT CHARSET=utf8;
/*!40101 SET character_set_client = @saved_cs_client */;

--
-- Dumping data for table `paper`
--

LOCK TABLES `paper` WRITE;
/*!40000 ALTER TABLE `paper` DISABLE KEYS */;
INSERT INTO `paper` VALUES ('aritua2015draft','The draft genome sequence of Xanthomonas species strain Nyagatare, isolated from diseased bean in Rwanda.','FEMS microbiology letters',2015),('bansal2019xanthomonas','Xanthomonas sontii sp. nov., a non-pathogenic bacterium isolated from healthy basmati rice (Oryza sativa) seeds from India','bioRxiv',2019),('caballero2013genome','Genome sequence of Xanthomonas arboricola pv. corylina, isolated from Turkish filbert in Colorado','Genome Announc.',2013),('cesbron2015comparative','Comparative genomics of pathogenic and nonpathogenic strains of Xanthomonas arboricola unveil molecular and evolutionary events linked to pathoadaptation','Frontiers in plant science',2015),('CFBPdatabase','Retrieved manually from http://catalogue-cfbp.inra.fr/recherche.php on May 1st 2020','',2020),('champoiseau2006high','High variation in pathogenicity of genetically closely related strains of Xanthomonas albilineans, the sugarcane leaf scald pathogen, in Guadeloupe','Phytopathology',2006),('daugrois2003aerial','Aerial contamination of sugarcane in Guadeloupe by two strains of Xanthomonas albilineans','European journal of plant pathology',2003),('essakhi2015phylogenetic','Phylogenetic and variable-number tandem-repeat analyses identify nonpathogenic Xanthomonas arboricola lineages lacking the canonical type III secretion system','Appl. Environ. Microbiol.',2015),('fang2015genome','Genome sequence of Xanthomonas sacchari R1, a biocontrol bacterium isolated from the rice seed','Journal of biotechnology',2015),('ferrante2018xanthomonas','Xanthomonas arboricola pv. fragariae: a confirmation of the pathogenicity of the pathotype strain','European Journal of Plant Pathology',2018),('fischer2015aggressive','Aggressive emerging pathovars of Xanthomonas arboricola represent widespread epidemic clones distinct from poorly pathogenic strains, as revealed by multilocus sequence typing','Appl. Environ. Microbiol.',2015),('garita2016comparative','Comparative genomic and phenotypic characterization of pathogenic and non-pathogenic strains of Xanthomonas arboricola reveals insights into the infection process of bacterial spot disease of stone fruits','PloS one',2016),('garita2017pan','Pan-genomic analysis permits differentiation of virulent and non-virulent strains of Xanthomonas arboricola that cohabit Prunus spp. and elucidate bacterial virulence factors','Frontiers in microbiology',2017),('garita2018xanthomonas','Xanthomonas arboricola pv. pruni, causal agent of bacterial spot of stone fruits and almond: its genomic and phenotypic characteristics in the X. arboricola species context','Molecular plant pathology',2018),('gonzalez2002characterization','Characterization of pathogenic and nonpathogenic strains of Xanthomonas axonopodis pv. manihotis by PCR-based DNA fingerprinting techniques','FEMS microbiology letters',2002),('hajri2010identification','Identification of a genetic lineage within Xanthomonas arboricola pv. juglandis as the causal agent of vertical oozing canker of Persian (English) walnut in France','Plant pathology',2010),('harrison2016draft','Draft genome sequences of two strains of Xanthomonas arboricola pv. celebensis isolated from banana plants','Genome Announc.',2016),('hersemann2017comparative','Comparative genomics of host adaptive traits in Xanthomonas translucens pv. graminis','BMC genomics',2017),('higuera2015draft','Draft genome sequences of four Xanthomonas arboricola pv. juglandis strains associated with walnut blight in Chile','Genome Announc.',2015),('ignatov2015draft','Draft genome sequence of Xanthomonas arboricola strain 3004, a causal agent of bacterial disease on barley','Genome Announc.',2015),('jacobs2015comparative','Comparative genomics of a cannabis pathogen reveals insight into the evolution of pathogenicity in Xanthomonas','Frontiers in plant science',2015),('janse1983yellow','Yellow disease in Scilla tubergeniana and related bulbs caused by Xanthomonas campestris pv. hyacinthi','Netherlands Journal of Plant Pathology',1983),('karamura2015comparative','Comparative pathogenicity studies of the Xanthomonas vasicola species on maize, sugarcane and banana','Afr. J. Plant Sci',2015),('kawaguchi2014biological','Biological control of bacterial spot on peach by nonpathogenic Xanthomonascampestris strains AZ98101 and AZ98106','Journal of general plant pathology',2014),('kolliker2006genetic','Genetic diversity and pathogenicity of the grass pathogen Xanthomonas translucens pv. graminis','Systematic and applied microbiology',2006),('lee2020characterization','Characterization, Phylogeny, and Genome Analyses of Nonpathogenic Xanthomonas campestris Strains Isolated from Brassica Seeds','Phytopathology',2020),('meline2019role','Role of the acquisition of a type 3 secretion system in the emergence of novel pathogenic strains of Xanthomonas','Molecular plant pathology',2019),('merda2016recombination','Recombination-prone bacterial strains form a reservoir from which epidemic clones emerge in agroecosystems','Environmental microbiology reports',2016),('mirghasempour2020grain','A Grain Rot of Rice in Iran Caused by a Xanthomonas Strain Closely Related to X. sacchari','Plant Disease',2020),('orian1962disease','A disease of Paspalum dilatatum in Mauritius caused by a species of bacterium closely resembling Xanthomonas albilineans (Ashby) Dowson','Rev. Agric. Sucr. Ile Maurice',1962),('pereira2015complete','Complete Genome Sequence of Xanthomonas arboricola pv. juglandis 417, a Copper-Resistant Strain Isolated from Juglans regia L.','Genome Announc.',2015),('rademaker2006classification','Classification and identification of Xanthomonas translucens isolates, including those pathogenic to ornamental asparagus','Phytopathology',2006),('rott1996least','At least two separate gene clusters are involved in albicidin production by Xanthomonas albilineans.','Journal of bacteriology',1996),('triplett2015characterization','Characterization of a novel clade of Xanthomonas isolated from rice leaves in Mali and proposal of Xanthomonas maliensis sp. nov.','Antonie Van Leeuwenhoek',2015),('uehara1980canker','Canker of tea, a new disease, and its causal bacterium Xanthomonas campestris pv. theaecola Uehara & Arai pv. nov.','Bulletin of the Faculty of Agriculture Kagoshima University',1980),('vandroemme2013xanthomonas','Xanthomonas arboricola pv. fragariae: whats in a name','Plant pathology',2013),('vauterin1996identification','Identification of non-pathogenic Xanthomonas strains associated with plants','Systematic and applied microbiology',1996),('vicente2017pathogenic','Pathogenic, phenotypic and molecular characterisation of Xanthomonas nasturtii sp. nov. and Xanthomonas floridensis sp. nov., new species of Xanthomonas associated with watercress production in Florida','International journal of systematic and evolutionary microbiology',2017),('wonni2014analysis','Analysis of Xanthomonas oryzae pv. oryzicola population in Mali and Burkina Faso reveals a high level of genetic and pathogenic diversity','Phytopathology',2014),('young2010new','New Zealand strains of plant pathogenic bacteria classified by multi-locus sequence analysis; proposal of Xanthomonas dyei sp. nov.','Plant pathology',2010);
/*!40000 ALTER TABLE `paper` ENABLE KEYS */;
UNLOCK TABLES;

--
-- Table structure for table `paper_has_author`
--

DROP TABLE IF EXISTS `paper_has_author`;
/*!40101 SET @saved_cs_client     = @@character_set_client */;
/*!50503 SET character_set_client = utf8mb4 */;
CREATE TABLE `paper_has_author` (
  `citationKey` varchar(45) NOT NULL,
  `firstName` varchar(45) NOT NULL,
  `lastName` varchar(45) NOT NULL,
  `number` int DEFAULT NULL,
  PRIMARY KEY (`citationKey`,`firstName`,`lastName`),
  KEY `fk_PAPER_has_AUTHOR_AUTHOR1_idx` (`firstName`,`lastName`),
  KEY `fk_PAPER_has_AUTHOR_PAPER1_idx` (`citationKey`),
  CONSTRAINT `fk_PAPER_has_AUTHOR_AUTHOR1` FOREIGN KEY (`firstName`, `lastName`) REFERENCES `author` (`firstName`, `lastName`) ON DELETE RESTRICT ON UPDATE CASCADE,
  CONSTRAINT `fk_PAPER_has_AUTHOR_PAPER1` FOREIGN KEY (`citationKey`) REFERENCES `paper` (`citationKey`) ON DELETE RESTRICT ON UPDATE CASCADE
) ENGINE=InnoDB DEFAULT CHARSET=utf8;
/*!40101 SET character_set_client = @saved_cs_client */;

--
-- Dumping data for table `paper_has_author`
--

LOCK TABLES `paper_has_author` WRITE;
/*!40000 ALTER TABLE `paper_has_author` DISABLE KEYS */;
INSERT INTO `paper_has_author` VALUES ('aritua2015draft','Alice','Kabeja',3),('aritua2015draft','Augustine','Musoni',2),('aritua2015draft','Daphrose','Gahakwa',6),('aritua2015draft','Floride','Mukamuhirwa',5),('aritua2015draft','Fred','Kato',7),('aritua2015draft','Louis','Butare',4),('aritua2015draft','Mathew M','Abang',8),('aritua2015draft','Melanie','Sapp',10),('aritua2015draft','Robin','Buruchara',9),('aritua2015draft','Valente','Aritua',1),('bansal2019xanthomonas','Amandeep','Kaur',2),('bansal2019xanthomonas','Kanika','Bansal',1),('bansal2019xanthomonas','Prabhu B','Patil',6),('bansal2019xanthomonas','Samriti','Midha',3),('bansal2019xanthomonas','Sanjeet','Kumar',4),('bansal2019xanthomonas','Suresh','Korpole',5),('caballero2013genome','Christina','Boucher',4),('caballero2013genome','Jacob','Snelling',3),('caballero2013genome','Jorge Ibarra','Caballero',1),('caballero2013genome','Marcelo M','Zerillo',2),('caballero2013genome','Ned','Tisserat',5),('cesbron2015comparative','Charles','Manceau',6),('cesbron2015comparative','Fischer-Le','Saux',7),('cesbron2015comparative','Marie-Agn{`e}s','Jacques',8),('cesbron2015comparative','Martial','Briand',2),('cesbron2015comparative','Salwa','Essakhi',3),('cesbron2015comparative','Sophie','Cesbron',1),('cesbron2015comparative','Sophie','Gironde',4),('cesbron2015comparative','Tristan','Boureau',5),('CFBPdatabase','Dennie','te Molder',1),('champoiseau2006high','Isabelle','Pieretti',3),('champoiseau2006high','J-H','Daugrois',2),('champoiseau2006high','Monique','Royer',5),('champoiseau2006high','Patrice','Champoiseau',1),('champoiseau2006high','Philippe','Rott',6),('champoiseau2006high','St{\'e}phane','Cociancich',4),('daugrois2003aerial','Jean-Heinrich','Daugrois',1),('daugrois2003aerial','Laurent','Costet',4),('daugrois2003aerial','Patrice','Champoiseau',3),('daugrois2003aerial','Philippe','Rott',6),('daugrois2003aerial','Rosiane','Boisne-Noc',5),('daugrois2003aerial','V','Dumont',2),('essakhi2015phylogenetic','Charles','Manceau',6),('essakhi2015phylogenetic','Marie-Agn{`e}s','Jacques',5),('essakhi2015phylogenetic','Marion','Fischer-Le Saux',3),('essakhi2015phylogenetic','Salwa','Essakhi',1),('essakhi2015phylogenetic','Sophie','Bonneau',4),('essakhi2015phylogenetic','Sophie','Cesbron',2),('fang2015genome','Deyong','Ren',4),('fang2015genome','Guojun','Dong',6),('fang2015genome','Haiyan','Lin',2),('fang2015genome','Li','Zhu',7),('fang2015genome','Liwen','Wu',3),('fang2015genome','Longbiao','Guo',8),('fang2015genome','Weijun','Ye',5),('fang2015genome','Yunxia','Fang',1),('ferrante2018xanthomonas','Marco','Scortichini',2),('ferrante2018xanthomonas','Patrizia','Ferrante',1),('fischer2015aggressive','Charles','Manceau',4),('fischer2015aggressive','Marie-Agn{`e}s','Jacques',5),('fischer2015aggressive','Marion','Fischer-Le Saux',1),('fischer2015aggressive','Salwa','Essakhi',3),('fischer2015aggressive','Sophie','Bonneau',2),('garita2016comparative','Ana','Palacio-Bielsa',2),('garita2016comparative','Jaime','Cubero',4),('garita2016comparative','Jerson','Garita-Cambronero',1),('garita2016comparative','Maria M','Lopez',3),('garita2017pan','Ana','Palacio-Bielsa',2),('garita2017pan','Jaime','Cubero',4),('garita2017pan','Jerson','Garita-Cambronero',1),('garita2017pan','Mar{\'i}a M','L{\'o}pez',3),('garita2018xanthomonas','Ana','Palacio-Bielsa',2),('garita2018xanthomonas','Jaime','Cubero',3),('garita2018xanthomonas','Jerson','Garita-Cambronero',1),('gonzalez2002characterization','Carolina','Gonzalez',1),('gonzalez2002characterization','Joe','Tohme',3),('gonzalez2002characterization','Silvia','Restrepo',2),('gonzalez2002characterization','Val{\'e}rie','Verdier',4),('hajri2010identification','Ahmed','Hajri',1),('hajri2010identification','Charles','Manceau',6),('hajri2010identification','Christelle','Brin',5),('hajri2010identification','Damien','Meyer',2),('hajri2010identification','F','Delort',3),('hajri2010identification','J','Guillaumes',4),('harrison2016draft','David J','Studholme',3),('harrison2016draft','James','Harrison',1),('harrison2016draft','Murray R','Grant',2),('hersemann2017comparative','Alexander','Goesmann',4),('hersemann2017comparative','Daniel','Wibberg',2),('hersemann2017comparative','Franco','Widmer',5),('hersemann2017comparative','Frank-J{\"o}rg','Vorh{\"o}lter',6),('hersemann2017comparative','Jochen','Blom',3),('hersemann2017comparative','Lena','Hersemann',1),('hersemann2017comparative','Roland','K{\"o}lliker',7),('higuera2015draft','Camila','V{\'e}liz',3),('higuera2015draft','Francisca','Vera',4),('higuera2015draft','Gast{\'o}n','Higuera',1),('higuera2015draft','Jaime','Romero',5),('higuera2015draft','Narjol','Gonz{\'a}lez-Escalona',2),('ignatov2015draft','Alexander N','Ignatov',1),('ignatov2015draft','Anastasia M','Kamionskaya',4),('ignatov2015draft','Douglas G','Luster',6),('ignatov2015draft','Elena I','Kyrova',2),('ignatov2015draft','Norman W','Schaad',5),('ignatov2015draft','Svetlana V','Vinogradova',3),('jacobs2015comparative','C{\'e}line','Pesce',2),('jacobs2015comparative','Jonathan M','Jacobs',1),('jacobs2015comparative','Pierre','Lefeuvre',3),('jacobs2015comparative','Ralf','Koebnik',4),('janse1983yellow','HJ','Miller',2),('janse1983yellow','JD','Janse',1),('karamura2015comparative','David','Studholme',3),('karamura2015comparative','E','Karamura',5),('karamura2015comparative','G','Karamura',1),('karamura2015comparative','Jerome','Kubiriba',4),('karamura2015comparative','Julian','Smith',2),('kawaguchi2014biological','Akira','Kawaguchi',1),('kawaguchi2014biological','Koji','Inoue',2),('kawaguchi2014biological','Yasuhiro','Inoue',3),('kolliker2006genetic','Beat','Boller',3),('kolliker2006genetic','Franco','Widmer',4),('kolliker2006genetic','Roland','K{\"o}lliker',1),('kolliker2006genetic','Rolf','Kraehenbuehl',2),('lee2020characterization','Pei-Yu','Yang',2),('lee2020characterization','Shau-Chang','Huang',3),('lee2020characterization','Yung-An','Lee',1),('meline2019role','Armelle','Darrasse',8),('meline2019role','Camille','Li-Marchetti',4),('meline2019role','Chrystelle','Brin',3),('meline2019role','C{\'e}line','Rousseau',7),('meline2019role','Daniel','Sochard',5),('meline2019role','Guillaume','Lebreton',10),('meline2019role','Martial','Briand',9),('meline2019role','Matthieu','Arlat',6),('meline2019role','Val{\'e}rian','Meline',1),('meline2019role','Wesley','Delage',2),('merda2016recombination','Christophe','Lemaire',7),('merda2016recombination','Chrystelle','Brin',5),('merda2016recombination','D{\'e}borah','Merda',1),('merda2016recombination','Jean-Fran{c{c}}ois','Guimbaud',3),('merda2016recombination','Karine','Durand',4),('merda2016recombination','Marie-Agn{`e}s','Jacques',8),('merda2016recombination','Marion','Fischer-Le Saux',9),('merda2016recombination','Sophie','Bonneau',2),('merda2016recombination','Tristan','Boureau',6),('mirghasempour2020grain','Carrie L','Brady',4),('mirghasempour2020grain','David J','Studholme',3),('mirghasempour2020grain','S Ali','Mirghasempour',1),('mirghasempour2020grain','Shiwen','Huang',2),('orian1962disease','G','Orian',1),('pereira2015complete','Abhaya M','Dandekar',6),('pereira2015complete','Hossein','Gouran',2),('pereira2015complete','James E','Adaskaveg',4),('pereira2015complete','Luiz Ricardo','Goulart',5),('pereira2015complete','Rafael','Nascimento',3),('pereira2015complete','Ulisses P','Pereira',1),('rademaker2006classification','DJ','Norman',2),('rademaker2006classification','FJ','De Bruijn',6),('rademaker2006classification','FJ','Louws',4),('rademaker2006classification','JLW','Rademaker',1),('rademaker2006classification','MH','Schultz',5),('rademaker2006classification','RL','Forster',3),('rott1996least','Dean W','Gabriel',5),('rott1996least','Laurent','Costet',2),('rott1996least','Michael J','Davis',3),('rott1996least','Philippe C','Rott',1),('rott1996least','Roger','Frutos',4),('triplett2015characterization','Bart','Cottyn',10),('triplett2015characterization','Cinzia','Van Malderghem',4),('triplett2015characterization','Ilse','Cleenwerck',5),('triplett2015characterization','Lindsay R','Triplett',1),('triplett2015characterization','Lo{\"i}c','Deblais',7),('triplett2015characterization','Martine','Maes',6),('triplett2015characterization','Ousmane','Koita',9),('triplett2015characterization','Rene','Corral',8),('triplett2015characterization','Tony','Campillo',3),('triplett2015characterization','Val{\'e}rie','Verdier',2),('uehara1980canker','I','Sano',4),('uehara1980canker','K','Arai',2),('uehara1980canker','K','Uehara',1),('uehara1980canker','T','Nonaka',3),('vandroemme2013xanthomonas','Bart','Cottyn',2),('vandroemme2013xanthomonas','Brion','Duffy',5),('vandroemme2013xanthomonas','Joachim','Vandroemme',1),('vandroemme2013xanthomonas','Jo{\"e}l F','Pothier',3),('vandroemme2013xanthomonas','Martine','Maes',6),('vandroemme2013xanthomonas','Valentin','Pfl{\"u}ger',4),('vauterin1996identification','Anne','Alvarez',3),('vauterin1996identification','Anne K','Vidaver',6),('vauterin1996identification','Don A','Roth',5),('vauterin1996identification','Jean','Swings',9),('vauterin1996identification','Karel','Kersters',8),('vauterin1996identification','Luc','Vauterin',1),('vauterin1996identification','Ping','Yang',2),('vauterin1996identification','Robert E','Stall',7),('vauterin1996identification','Yuichi','Takikawa',4),('vicente2017pathogenic','David J','Studholme',4),('vicente2017pathogenic','Eric B','Holub',3),('vicente2017pathogenic','Joana G','Vicente',1),('vicente2017pathogenic','Steve','Rothwell',2),('wonni2014analysis','B','Cottyn',2),('wonni2014analysis','C','Tekete',7),('wonni2014analysis','I','Wonni',1),('wonni2014analysis','L','Detemmerman',3),('wonni2014analysis','L','Ouedraogo',5),('wonni2014analysis','L','Triplett',10),('wonni2014analysis','R','Corral',9),('wonni2014analysis','S','Dao',4),('wonni2014analysis','S','Poussier',8),('wonni2014analysis','S','Sarra',6),('young2010new','D-C','Park',3),('young2010new','DRW','Watson',4),('young2010new','JM','Young',1),('young2010new','JP','Wilkie',2);
/*!40000 ALTER TABLE `paper_has_author` ENABLE KEYS */;
UNLOCK TABLES;

--
-- Temporary view structure for view `pathogens`
--

DROP TABLE IF EXISTS `pathogens`;
/*!50001 DROP VIEW IF EXISTS `pathogens`*/;
SET @saved_cs_client     = @@character_set_client;
/*!50503 SET character_set_client = utf8mb4 */;
/*!50001 CREATE VIEW `pathogens` AS SELECT 
 1 AS `name`,
 1 AS `pathogenicity`,
 1 AS `source`*/;
SET character_set_client = @saved_cs_client;

--
-- Temporary view structure for view `rankedhosts`
--

DROP TABLE IF EXISTS `rankedhosts`;
/*!50001 DROP VIEW IF EXISTS `rankedhosts`*/;
SET @saved_cs_client     = @@character_set_client;
/*!50503 SET character_set_client = utf8mb4 */;
/*!50001 CREATE VIEW `rankedhosts` AS SELECT 
 1 AS `species`,
 1 AS `host`*/;
SET character_set_client = @saved_cs_client;

--
-- Table structure for table `strain`
--

DROP TABLE IF EXISTS `strain`;
/*!40101 SET @saved_cs_client     = @@character_set_client */;
/*!50503 SET character_set_client = utf8mb4 */;
CREATE TABLE `strain` (
  `name` varchar(45) NOT NULL,
  `genus` varchar(45) DEFAULT NULL,
  `species` varchar(45) DEFAULT NULL,
  `subspecies` varchar(45) DEFAULT NULL,
  `hostGenus` varchar(45) NOT NULL,
  `hostSpecies` varchar(45) NOT NULL,
  PRIMARY KEY (`name`),
  KEY `fk_strain_host1_idx` (`hostGenus`,`hostSpecies`),
  CONSTRAINT `fk_strain_host1` FOREIGN KEY (`hostGenus`, `hostSpecies`) REFERENCES `host` (`genus`, `species`) ON DELETE RESTRICT ON UPDATE CASCADE
) ENGINE=InnoDB DEFAULT CHARSET=utf8;
/*!40101 SET character_set_client = @saved_cs_client */;

--
-- Dumping data for table `strain`
--

LOCK TABLES `strain` WRITE;
/*!40000 ALTER TABLE `strain` DISABLE KEYS */;
INSERT INTO `strain` VALUES ('10.0343','Xanthomonas','arboricola','pruni','Prunus','laurocerasus'),('10.0400','Xanthomonas','arboricola','pruni','Prunus','laurocerasus'),('10.0439','Xanthomonas','arboricola','pruni','Prunus','laurocerasus'),('106M','Xanthomonas','maliensis','','Oryza','sativa'),('120M','Xanthomonas','','','Oryza','sativa'),('12591','Xanthomonas','arboricola','juglandis','Juglans','regia'),('12714','Xanthomonas','arboricola','juglandis','Juglans','regia'),('12766','Xanthomonas','arboricola','juglandis','Juglans','regia'),('12767','Xanthomonas','arboricola','juglandis','Juglans','regia'),('12768','Xanthomonas','arboricola','juglandis','Juglans','regia'),('12769','Xanthomonas','arboricola','juglandis','Juglans','regia'),('12774','Xanthomonas','arboricola','juglandis','Juglans','regia'),('12776','Xanthomonas','arboricola','juglandis','Juglans','regia'),('12777','Xanthomonas','arboricola','juglandis','Juglans','regia'),('12778','Xanthomonas','arboricola','juglandis','Juglans','regia'),('12779','Xanthomonas','arboricola','juglandis','Juglans','regia'),('12783','Xanthomonas','arboricola','juglandis','Juglans','regia'),('136M','Xanthomonas','','','Oryza','sativa'),('3004','Xanthomonas','arboricola','','Hordeum','vulgare'),('89M','Xanthomonas','maliensis','','Oryza','sativa'),('97M','Xanthomonas','maliensis','','Oryza','sativa'),('ASD011','Xanthomonas','sontii','','Oryza','sativa'),('ATCC10731','Xanthomonas','translucens','translucens','Hordeum','vulgare'),('ATCC10770','Xanthomonas','translucens','translucens','Hordeum','vulgare'),('ATCC10771','Xanthomonas','translucens','translucens','Triticum','aestivum'),('ATCC33803','Xanthomonas','translucens','arrhenatheri','Arrhenatherum','elatius'),('ATCC33804','Xanthomonas','translucens','poae','Poa','trivialis'),('ATCC9002','Xanthomonas','translucens','translucens','Hordeum','vulgare'),('AZ98101','Xanthomonas','campestris','','Festuca','pratensis'),('AZ98106','Xanthomonas','campestris','','Panicum','bisulcatum'),('BAI10','Xanthomonas','oryzae','oryzicola','Oryza','longistaminata'),('BAI11','Xanthomonas','oryzae','oryzicola','Oryza','sativa'),('BAI12','Xanthomonas','oryzae','oryzicola','Oryza','sativa'),('BAI13','Xanthomonas','oryzae','oryzicola','Weeds',''),('BAI14','Xanthomonas','oryzae','oryzicola','Oryza','sativa'),('BAI15','Xanthomonas','oryzae','oryzicola','Oryza','sativa'),('BAI16','Xanthomonas','oryzae','oryzicola','Oryza','sativa'),('BAI17','Xanthomonas','oryzae','oryzicola','Pennisetum',''),('BAI18','Xanthomonas','oryzae','oryzicola','Oryza','sativa'),('BAI19','Xanthomonas','oryzae','oryzicola','Oryza','sativa'),('BAI20','Xanthomonas','oryzae','oryzicola','Weeds',''),('BAI21','Xanthomonas','oryzae','oryzicola','Oryza','sativa'),('BAI22','Xanthomonas','oryzae','oryzicola','Oryza','longistaminata'),('BAI23','Xanthomonas','campestris','leersiae','Weeds',''),('BAI34','Xanthomonas','oryzae','oryzicola','Oryza','sativa'),('BAI35','Xanthomonas','oryzae','oryzicola','Oryza','longistaminata'),('BAI36','Xanthomonas','oryzae','oryzicola','Oryza','sativa'),('BAI37','Xanthomonas','oryzae','oryzicola','Oryza','sativa'),('BAI38','Xanthomonas','oryzae','oryzicola','Oryza','sativa'),('BAI39','Xanthomonas','oryzae','oryzicola','Oryza','sativa'),('BAI40','Xanthomonas','oryzae','oryzicola','Oryza','sativa'),('BAI41','Xanthomonas','oryzae','oryzicola','Oryza','longistaminata'),('BAI42','Xanthomonas','oryzae','oryzicola','Oryza','sativa'),('BAI43','Xanthomonas','oryzae','oryzicola','Oryza','sativa'),('BAI44','Xanthomonas','oryzae','oryzicola','Oryza','sativa'),('BAI49','Xanthomonas','oryzae','oryzicola','Oryza','longistaminata'),('BAI5','Xanthomonas','oryzae','oryzicola','Oryza','sativa'),('BAI6','Xanthomonas','oryzae','oryzicola','Oryza','sativa'),('BAI60','Xanthomonas','oryzae','oryzicola','Oryza','sativa'),('BAI62','Xanthomonas','oryzae','oryzicola','Brachiaria','lata'),('BAI65','Xanthomonas','oryzae','oryzicola','Paspalum','vaginatum'),('BAI68','Xanthomonas','oryzae','oryzicola','Oryza','longistaminata'),('BAI69','Xanthomonas','oryzae','oryzicola','Oryza','longistaminata'),('BAI7','Xanthomonas','oryzae','oryzicola','Oryza','longistaminata'),('BAI76','Xanthomonas','oryzae','oryzicola','Oryza','sativa'),('BAI8','Xanthomonas','oryzae','oryzicola','Oryza','longistaminata'),('BAI82','Xanthomonas','oryzae','oryzicola','Oryza','sativa'),('BAI9','Xanthomonas','oryzae','oryzicola','Oryza','longistaminata'),('BC2527','Xanthomonas','arboricola','','Capsicum','annuum'),('BC2528','Xanthomonas','arboricola','','Capsicum','annuum'),('BC2529','Xanthomonas','arboricola','','Capsicum','annuum'),('BC2667a','Xanthomonas','arboricola','','Capsicum','annuum'),('BC2667b','Xanthomonas','arboricola','','Capsicum','annuum'),('BC2668','Xanthomonas','arboricola','','Capsicum','annuum'),('BC2669','Xanthomonas','arboricola','','Capsicum','annuum'),('BC2670','Xanthomonas','arboricola','','Capsicum','annuum'),('BLS256','Xanthomonas','oryzae','oryzicola','Oryza','sativa'),('BXO1','Xanthomonas','oryzae','oryzicola','Oryza','sativa'),('CFBP1022','Xanthomonas','arboricola','','Juglans','regia'),('CFBP1156','Xanthomonas','hyacinthi','','Scilla','tubergeniana'),('CFBP1159','Xanthomonas','arboricola','corylina','Corylus','maxima'),('CFBP176','Xanthomonas','arboricola','juglandis','Juglans','regia'),('CFBP1846','Xanthomonas','arboricola','corylina','Corylus','avellana'),('CFBP1847','Xanthomonas','arboricola','corylina','Corylus','avellana'),('CFBP1848','Xanthomonas','arboricola','corylina','Corylus','avellana'),('CFBP1851','Xanthomonas','axonopodis','maniholtis','Maniholt','esculenta'),('CFBP1941','Xanthomonas','euvesicatoria','','Lycopersicum','esculentum'),('CFBP2113','Xanthomonas','arboricola','populi','Populus','interamericana'),('CFBP2528','Xanthomonas','arboricola','juglandis','Juglans','regia'),('CFBP2564','Xanthomonas','arboricola','juglandis','Juglans','regia'),('CFBP2565','Xanthomonas','arboricola','corylina','Corylus','avellana'),('CFBP2568','Xanthomonas','arboricola','juglandis','Juglans','regia'),('CFBP2632','Xanthomonas','arboricola','juglandis','Juglans','regia'),('CFBP2666','Xanthomonas','arboricola','populi','Populus','interamericana'),('CFBP2669','Xanthomonas','arboricola','populi','Populus','canadensis'),('CFBP2983','Xanthomonas','arboricola','populi','Populus','canadensis'),('CFBP2985','Xanthomonas','arboricola','populi','Populus','interamericana'),('CFBP2986','Xanthomonas','arboricola','populi','Populus','interamericana'),('CFBP3004','Xanthomonas','arboricola','populi','Populus','interamericana'),('CFBP3121','Xanthomonas','arboricola','populi','Salix','alba'),('CFBP3122','Xanthomonas','arboricola','populi','Salix','alba'),('CFBP3123','Xanthomonas','arboricola','populi','Populus','canadensis'),('CFBP3124','Xanthomonas','arboricola','populi','Populus','generosa'),('CFBP3338','Xanthomonas','arboricola','populi','Populus','interamericana'),('CFBP3342','Xanthomonas','arboricola','populi','Salix',''),('CFBP3343','Xanthomonas','arboricola','populi','Populus',''),('CFBP3344','Xanthomonas','arboricola','populi','Salixs',''),('CFBP3523','Xanthomonas','arboricola','celebensis','Musa','acuminata'),('CFBP3544','Xanthomonas','','','Fragaria','ananassa'),('CFBP3548','Xanthomonas','arboricola','','Fragaria',''),('CFBP3549','Xanthomonas','arboricola','','Fragaria',''),('CFBP3839','Xanthomonas','arboricola','populi','Populus','deltoides'),('CFBP3893','Xanthomonas','arboricola','pruni','Prunus','persica'),('CFBP3894','Xanthomonas','arboricola','pruni','Prunus','salicina'),('CFBP3898','Xanthomonas','arboricola','pruni','Prunus','domestica'),('CFBP3900','Xanthomonas','arboricola','pruni','Prunus','persica'),('CFBP3901','Xanthomonas','arboricola','pruni','Prunus','armeniaca'),('CFBP3921','Xanthomonas','arboricola','pruni','Prunus','persica'),('CFBP4021','Xanthomonas','arboricola','','Magnolia',''),('CFBP4023','Xanthomonas','arboricola','','Magnolia','stellata'),('CFBP411','Xanthomonas','arboricola','pruni','Prunus','persica'),('CFBP4691','Xanthomonas','theicola','','Camellia','sinensis'),('CFBP5229','Xanthomonas','arboricola','pruni','Prunus',''),('CFBP5241','Xanthomonas','campestris','campestris','Brassica','oleracea'),('CFBP5253','Xanthomonas','fragariae','','Fragaria','ananassa'),('CFBP5261','Xanthomonas','fragariae','','Fragaria','ananassa'),('CFBP5529','Xanthomonas','arboricola','pruni','Prunus','persica'),('CFBP5530','Xanthomonas','arboricola','pruni','Prunus','persica'),('CFBP5580','Xanthomonas','arboricola','pruni','Prunus','japonica'),('CFBP5618','Xanthomonas','euvesicatoria','','Capsicum','annuum'),('CFBP5722','Xanthomonas','arboricola','pruni','Prunus','persica'),('CFBP5723','Xanthomonas','arboricola','pruni','Prunus',''),('CFBP5724','Xanthomonas','arboricola','pruni','Prunus','amygdalus'),('CFBP5956','Xanthomonas','arboricola','corylina','Corylus','avellana'),('CFBP6101','Xanthomonas','arboricola','corylina','Corylus','avellana'),('CFBP6555','Xanthomonas','arboricola','corylina','Corylus','avellana'),('CFBP6557','Xanthomonas','arboricola','juglandis','Juglans','regia'),('CFBP6600','Xanthomonas','arboricola','corylina','Corylus','avellana'),('CFBP6653','Xanthomonas','arboricola','pruni','Prunus','persica'),('CFBP6683','Xanthomonas','arboricola','','Allium','cepa'),('CFBP6762','Xanthomonas','arboricola','','Fragaria','ananassa'),('CFBP6763','Xanthomonas','arboricola','','Fragaria','ananassa'),('CFBP6770','Xanthomonas','arboricola','','Fragaria','ananassa'),('CFBP6772','Xanthomonas','arboricola','','Fragaria','ananassa'),('CFBP6773','Xanthomonas','arboricola','','Fragaria','ananassa'),('CFBP6825','Xanthomonas','arboricola','','Capsicum','annuum'),('CFBP6826','Xanthomonas','arboricola','','Capsicum','annuum'),('CFBP6827','Xanthomonas','arboricola','','Capsicum','annuum'),('CFBP6828','Xanthomonas','arboricola','','Capsicum','annuum'),('CFBP7071','Xanthomonas','arboricola','juglandis','Juglans',''),('CFBP7072','Xanthomonas','arboricola','juglandis','Juglans',''),('CFBP7098','Xanthomonas','arboricola','pruni','Prunus','domestica'),('CFBP7099','Xanthomonas','arboricola','pruni','Prunus','domestica'),('CFBP7100','Xanthomonas','arboricola','pruni','Prunus','dulcis'),('CFBP7150','Xanthomonas','arboricola','celebensis','Musa','acuminata'),('CFBP7152','Xanthomonas','arboricola','','Euphorbia','pulcherrima'),('CFBP7154','Xanthomonas','arboricola','','Euphorbia','pulcherrima'),('CFBP7179','Xanthomonas','arboricola','juglandis','Juglans','regia'),('CFBP7244','Xanthomonas','arboricola','juglandis','Juglans','regia'),('CFBP7277','Xanthomonas','axonopodis','poinsettiicola','Euphorbia','pulcherrima'),('CFBP7278','Xanthomonas','arboricola','','Euphorbia','pulcherrima'),('CFBP7279','Xanthomonas','arboricola','juglandis','Juglans','regia'),('CFBP7294','Xanthomonas','arboricola','juglandis','Juglans','regia'),('CFBP7295','Xanthomonas','arboricola','juglandis','Juglans','regia'),('CFBP7296','Xanthomonas','arboricola','juglandis','Juglans','regia'),('CFBP7297','Xanthomonas','arboricola','juglandis','Juglans','regia'),('CFBP7298','Xanthomonas','arboricola','juglandis','Juglans','regia'),('CFBP7299','Xanthomonas','arboricola','juglandis','Juglans','regia'),('CFBP7300','Xanthomonas','arboricola','juglandis','Juglans','regia'),('CFBP7301','Xanthomonas','arboricola','juglandis','Juglans','regia'),('CFBP7302','Xanthomonas','arboricola','juglandis','Juglans','regia'),('CFBP7303','Xanthomonas','arboricola','juglandis','Juglans','regia'),('CFBP7304','Xanthomonas','arboricola','juglandis','Juglans','regia'),('CFBP7403','Xanthomonas','arboricola','arracaciae','Arracacia','xanthorrhiza'),('CFBP7404','Xanthomonas','arboricola','arracaciae','Arracacia','xanthorrhiza'),('CFBP7405','Xanthomonas','arboricola','arracaciae','Arracacia','xanthorrhiza'),('CFBP7406','Xanthomonas','arboricola','arracaciae','Arracacia','xanthorrhiza'),('CFBP7407','Xanthomonas','arboricola','arracaciae','Arracacia','xanthorrhiza'),('CFBP7408','Xanthomonas','arboricola','guizotiae','Guizotia','abyssinica'),('CFBP7409','Xanthomonas','arboricola','guizotiae','Guizotia','abyssinica'),('CFBP7410','Xanthomonas','arboricola','zantedeschiae','Zantedeschiae',''),('CFBP7411','Xanthomonas','arboricola','zantedeschiae','Zantedeschiae',''),('CFBP7412','Xanthomonas','arboricola','zantedeschiae','Zantedeschiae',''),('CFBP7413','Xanthomonas','arboricola','','Chrysanthemum','morifolium'),('CFBP7414','Xanthomonas','arboricola','','Syzygium','aromaticum'),('CFBP7415','Xanthomonas','arboricola','','Chrysanthemum','morifolium'),('CFBP7416','Xanthomonas','arboricola','','Chrysanthemum','morifolium'),('CFBP7417','Xanthomonas','arboricola','','Chrysanthemum','morifolium'),('CFBP7418','Xanthomonas','arboricola','','Chrysanthemum','morifolium'),('CFBP7419','Xanthomonas','arboricola','','Prunus','domestica'),('CFBP7602','Xanthomonas','arboricola','','Solanum','lycopersicum'),('CFBP7603','Xanthomonas','arboricola','','Solanum','lycopersicum'),('CFBP7604','Xanthomonas','arboricola','','Capsicum','annuum'),('CFBP7605','Xanthomonas','arboricola','','Solanum','lycopersicum'),('CFBP7607','Xanthomonas','arboricola','','Citrus',''),('CFBP7608','Xanthomonas','arboricola','','Anthurium','andreanum'),('CFBP7609','Xanthomonas','arboricola','','Anthurium','andreanum'),('CFBP7610','Xanthomonas','arboricola','','Pueraria','robata'),('CFBP7611','Xanthomonas','arboricola','','Glycine','max'),('CFBP7612','Xanthomonas','arboricola','','Phaseolus',''),('CFBP7613','Xanthomonas','arboricola','','Solanum','lycopersicum'),('CFBP7614','Xanthomonas','arboricola','','Magnolia',''),('CFBP7615','Xanthomonas','arboricola','','Camellia','sinensis'),('CFBP7616','Xanthomonas','arboricola','','Pisum','sativum'),('CFBP7617','Xanthomonas','arboricola','','Pisum','sativum'),('CFBP7618','Xanthomonas','arboricola','','Chrysanthemum','coronarium'),('CFBP7620','Xanthomonas','arboricola','','Solanum','lycopersicum'),('CFBP7622','Xanthomonas','arboricola','','Phaseolus','vulgaris'),('CFBP7629','Xanthomonas','arboricola','','Juglans','regia'),('CFBP7630','Xanthomonas','arboricola','','Juglans','regia'),('CFBP7631','Xanthomonas','arboricola','','Juglans','regia'),('CFBP7632','Xanthomonas','arboricola','','Juglans','regia'),('CFBP7633','Xanthomonas','arboricola','','Juglans','regia'),('CFBP7634','Xanthomonas','arboricola','','Juglans','regia'),('CFBP7635','Xanthomonas','arboricola','','Juglans','regia'),('CFBP7636','Xanthomonas','arboricola','','Juglans','regia'),('CFBP7637','Xanthomonas','arboricola','','Juglans','regia'),('CFBP7638','Xanthomonas','arboricola','','Juglans','regia'),('CFBP7639','Xanthomonas','arboricola','','Juglans','regia'),('CFBP7640','Xanthomonas','arboricola','','Juglans','regia'),('CFBP7641','Xanthomonas','arboricola','','Juglans','regia'),('CFBP7643','Xanthomonas','arboricola','juglandis','Juglans','regia'),('CFBP7644','Xanthomonas','arboricola','','Juglans','regia'),('CFBP7645','Xanthomonas','arboricola','','Juglans','regia'),('CFBP7646','Xanthomonas','arboricola','','Juglans','regia'),('CFBP7647','Xanthomonas','arboricola','','Juglans','regia'),('CFBP7648','Xanthomonas','arboricola','','Juglans','regia'),('CFBP7649','Xanthomonas','arboricola','','Juglans','regia'),('CFBP7650','Xanthomonas','arboricola','','Juglans','regia'),('CFBP7651','Xanthomonas','arboricola','','Juglans','regia'),('CFBP7652','Xanthomonas','arboricola','','Juglans','regia'),('CFBP7653','Xanthomonas','arboricola','','Juglans','regia'),('CFBP7654','Xanthomonas','arboricola','','Juglans','regia'),('CFBP7655','Xanthomonas','arboricola','','Juglans','regia'),('CFBP7656','Xanthomonas','arboricola','','Juglans','regia'),('CFBP7697','Xanthomonas','arboricola','','Phaseolus','vulgaris'),('CFBP7698','Xanthomonas','cannabis','','Phaseolus','vulgaris'),('CFBP7700','Xanthomonas','campestris','','Phaseolus','vulgaris'),('CFBP7912','Xanthomonas','cannabis','','Phaseolus','vulgaris'),('CFBP8130','Xanthomonas','arboricola','','Phaseolus','vulgaris'),('CFBP8131','Xanthomonas','arboricola','','Phaseolus','vulgaris'),('CFBP8132','Xanthomonas','arboricola','','Phaseolus','vulgaris'),('CFBP8133','Xanthomonas','arboricola','','Phaseolus','vulgaris'),('CFBP8134','Xanthomonas','arboricola','','Phaseolus','vulgaris'),('CFBP8135','Xanthomonas','arboricola','','Phaseolus','vulgaris'),('CFBP8136','Xanthomonas','arboricola','','Phaseolus','vulgaris'),('CFBP8137','Xanthomonas','arboricola','','Phaseolus','vulgaris'),('CFBP8138','Xanthomonas','arboricola','','Phaseolus','vulgaris'),('CFBP8139','Xanthomonas','arboricola','','Phaseolus','vulgaris'),('CFBP8140','Xanthomonas','arboricola','','Phaseolus','vulgaris'),('CFBP8141','Xanthomonas','arboricola','','Phaseolus','vulgaris'),('CFBP8142','Xanthomonas','arboricola','','Phaseolus','vulgaris'),('CFBP8143','Xanthomonas','arboricola','','Phaseolus','vulgaris'),('CFBP8144','Xanthomonas','arboricola','','Phaseolus','vulgaris'),('CFBP8145','Xanthomonas','arboricola','','Phaseolus','vulgaris'),('CFBP8146','Xanthomonas','arboricola','','Phaseolus','vulgaris'),('CFBP8147','Xanthomonas','arboricola','','Phaseolus','vulgaris'),('CFBP8148','Xanthomonas','arboricola','','Phaseolus','vulgaris'),('CFBP8149','Xanthomonas','arboricola','','Phaseolus','vulgaris'),('CFBP8150','Xanthomonas','arboricola','','Phaseolus','vulgaris'),('CFBP8151','Xanthomonas','arboricola','','Phaseolus','vulgaris'),('CFBP8152','Xanthomonas','arboricola','','Phaseolus','vulgaris'),('CFBP8153','Xanthomonas','arboricola','','Phaseolus','vulgaris'),('CFBP8154','Xanthomonas','arboricola','','Phaseolus','vulgaris'),('CFBP8155','Xanthomonas','arboricola','','Phaseolus','vulgaris'),('CFBP8156','Xanthomonas','arboricola','','Phaseolus','vulgaris'),('CFBP8157','Xanthomonas','arboricola','','Phaseolus','vulgaris'),('CFBP8158','Xanthomonas','arboricola','','Phaseolus','vulgaris'),('CFBP8159','Xanthomonas','arboricola','','Phaseolus','vulgaris'),('CFBP8253','Xanthomonas','arboricola','juglandis','Juglans','regia'),('CFBP8254','Xanthomonas','arboricola','juglandis','Juglans','regia'),('CIAT1059','Xanthomonas','axonopodis','maniholtis','Maniholt','esculenta'),('CIAT1135','Xanthomonas','axonopodis','maniholtis','Maniholt','esculenta'),('CIO188','Xanthomonas','axonopodis','maniholtis','Maniholt','esculenta'),('CIO382','Xanthomonas','axonopodis','maniholtis','Maniholt','esculenta'),('CIO40','Xanthomonas','axonopodis','maniholtis','Maniholt','esculenta'),('CIO46','Xanthomonas','axonopodis','maniholtis','Maniholt','esculenta'),('CITA11','Xanthomonas','arboricola','pruni','Prunus','persica'),('CITA124','Xanthomonas','arboricola','pruni','Prunus','persica'),('CITA14','Xanthomonas','arboricola','pruni','Prunus','persica'),('CITA149','Xanthomonas','arboricola','pruni','Prunus','laurocerasus'),('CITA33','Xanthomonas','arboricola','pruni','Prunus','amygdalus'),('CITA4','Xanthomonas','arboricola','pruni','Prunus','persica'),('CITA42','Xanthomonas','arboricola','pruni','Prunus','mahaleb'),('CITA44','Xanthomonas','arboricola','pruni','Prunus','mahaleb'),('CITA46','Xanthomonas','arboricola','pruni','Prunus','persica'),('CITA49','Xanthomonas','arboricola','pruni','Prunus',''),('CITA51','Xanthomonas','arboricola','pruni','Prunus','amygdalus'),('CITA70','Xanthomonas','arboricola','pruni','Prunus','persica'),('CITA9','Xanthomonas','arboricola','pruni','Prunus','persica'),('EDTA12710','Xanthomonas','arboricola','juglandis','Juglans','regia'),('EDTA12785','Xanthomonas','arboricola','juglandis','Juglans','regia'),('GPE27','Xanthomonas','albilineans','','Saccharum','officinarum'),('GPE30','Xanthomonas','albilineans','','Saccharum','officinarum'),('GPE34','Xanthomonas','albilineans','','Saccharum','officinarum'),('GPE42','Xanthomonas','albilineans','','Saccharum','officinarum'),('GPE5SR','Xanthomonas','albilineans','','Saccharum','officinarum'),('GPECP91','Xanthomonas','albilineans','','Saccharum','officinarum'),('GPEPC101','Xanthomonas','albilineans','','Saccharum','officinarum'),('GPEPC106','Xanthomonas','albilineans','','Saccharum','officinarum'),('GPEPC125','Xanthomonas','albilineans','','Saccharum','officinarum'),('GPEPC142','Xanthomonas','albilineans','','Saccharum','officinarum'),('GPEPC143','Xanthomonas','albilineans','','Saccharum','officinarum'),('GPEPC145','Xanthomonas','albilineans','','Saccharum','officinarum'),('GPEPC17','Xanthomonas','albilineans','','Saccharum','officinarum'),('GPEPC23','Xanthomonas','albilineans','','Saccharum','officinarum'),('GPEPC52','Xanthomonas','albilineans','','Saccharum','officinarum'),('GPEPC73','Xanthomonas','albilineans','','Saccharum','officinarum'),('GPEPC75','Xanthomonas','albilineans','','Saccharum','officinarum'),('GPEPC79','Xanthomonas','albilineans','','Saccharum','officinarum'),('GPEPC80','Xanthomonas','albilineans','','Saccharum','officinarum'),('GPEPC81','Xanthomonas','albilineans','','Saccharum','officinarum'),('GPEPC83','Xanthomonas','albilineans','','Saccharum','officinarum'),('GPEPC84','Xanthomonas','albilineans','','Saccharum','officinarum'),('GPEPC86','Xanthomonas','albilineans','','Saccharum','officinarum'),('GPEPC87','Xanthomonas','albilineans','','Saccharum','officinarum'),('ICMP12167','Xanthomonas','dyei','','Metrosideros','excelsa'),('ICMP16370','Xanthomonas','dyei','dysoxyli','Dysoxylum','spectabile'),('ICMP16372','Xanthomonas','dyei','dysoxyli','Dysoxylum','spectabile'),('ICMP16466','Xanthomonas','dyei','dysoxyli','Dysoxylum','spectabile'),('ICMP16468','Xanthomonas','dyei','dysoxyli','Dysoxylum','spectabile'),('ICMP16473','Xanthomonas','arboricola','','Dysoxylum','spectabile'),('ICMP1921','Xanthomonas','dyei','','Eriostemon','myoporoides'),('ICMP2374','Xanthomonas','dyei','','Aralia',''),('ICMP2415','Xanthomonas','dyei','dysoxyli','Dysoxylum','spectabile'),('ICMP4939','Xanthomonas','arboricola','','Mahonia','lomariifolia'),('ICMP6041','Xanthomonas','dyei','eucalypti','Eucalyptus',''),('ICMP6431','Xanthomonas','translucens','graminis','Lolium','perenne'),('ICMP6465','Xanthomonas','dyei','dysoxyli','Dysoxylum','spectabile'),('ICMP674','Xanthomonas','dyei','laureliae','Laurelia','novae-zelandiae'),('ICMP6759','Xanthomonas','dyei','','Diospyros','kaki'),('ICMP84','Xanthomonas','dyei','laureliae','Laurelia','novae-zelandiae'),('IVIA2626.1','Xanthomonas','arboricola','pruni','Prunus','persica'),('IVIA2647-1-2','Xanthomonas','arboricola','pruni','Prunus','salicina'),('IVIA2647-3-1','Xanthomonas','arboricola','pruni','Prunus','salicina'),('IVIA2826-1','Xanthomonas','arboricola','pruni','Prunus','salicina'),('IVIA2832-10','Xanthomonas','arboricola','pruni','Prunus','salicina'),('IVIA3161-2','Xanthomonas','arboricola','pruni','Prunus','amygdalus'),('IVIA3162','Xanthomonas','arboricola','pruni','Prunus','amygdalus'),('IVIA3487-1','Xanthomonas','arboricola','pruni','Prunus','salicina'),('J303','Xanthomonas','arboricola','juglandis','Juglans','regia'),('LMG10380','Xanthomonas','translucens','graminis','Lolium','multiflorum'),('LMG12456','Xanthomonas','','','Phaseolus','vulgaris'),('LMG12457','Xanthomonas','axonopodis','','Euphorbia','heterophylla'),('LMG12458','Xanthomonas','axonopodis','','Acanthospermum','hispidum'),('LMG12459','Xanthomonas','','','Oryza','sativa'),('LMG12460','Xanthomonas','','','Oryza','sativa'),('LMG12461','Xanthomonas','','','Oryza','sativa'),('LMG12462','Xanthomonas','','','Oryza','sativa'),('LMG12919','Xanthomonas','arboricola','','Anthurium','andreanum'),('LMG12921','Xanthomonas','translucens','','Anthurium','andreanum'),('LMG12938','Xanthomonas','','','Lactuca','sativa'),('LMG12939','Xanthomonas','campestris','','Lactuca','sativa'),('LMG12941','Xanthomonas','axonopodis','','Pueraria','robata'),('LMG12943','Xanthomonas','arboricola','','Glycine','max'),('LMG12945','Xanthomonas','arboricola','','Solanum','lycopersicum'),('LMG12946','Xanthomonas','','','Solanum','lycopersicum'),('LMG12949','Xanthomonas','hortorum','','Daucus','carota'),('LMG12950','Xanthomonas','hortorum','','Daucus','carota'),('LMG12951','Xanthomonas','arboricola','','Cannabis','sativa'),('LMG12952','Xanthomonas','','','Camellia','sinensis'),('LMG12957','Xanthomonas','arboricola','','Chrysanthemum','coronarium'),('LMG13546','Xanthomonas','arboricola','','Salvia','rosmarinus'),('LMG13549','Xanthomonas','','','Cheiranthus','cheiri'),('LMG19145','Xanthomonas','arboricola','fragariae','Fragaria','ananassa'),('LMG25863','Xanthomonas','fragariae','','Fragaria','ananassa'),('LMG26906','Xanthomonas','arboricola','','Fragaria','ananassa'),('LMG26912','Xanthomonas','','','Fragaria','ananassa'),('LMG26913','Xanthomonas','arboricola','fragariae','Fragaria','ananassa'),('LMG5261','Xanthomonas','translucens','translucens','Secale','cereale'),('LMG5263','Xanthomonas','translucens','translucens','Triticum','aestivum'),('LMG679','Xanthomonas','translucens','cerealis','Bromus','inermis'),('LMG718','Xanthomonas','translucens','phlei','Phleum','pratense'),('LMG7392','Xanthomonas','translucens','cerealis','Secale','cereale'),('LMG7393','Xanthomonas','translucens','cerealis','Hordeum','vulgare'),('LMG7445','Xanthomonas','translucens','secalis','Secale','cereale'),('LMG8280','Xanthomonas','translucens','hordei','Hordeum','vulgare'),('LMG8281','Xanthomonas','translucens','hordei','Hordeum','vulgare'),('LMG8282','Xanthomonas','translucens','undulosa','Triticum','aestivum'),('LMG877','Xanthomonas','translucens','secalis','Secale','cereale'),('LMG878','Xanthomonas','translucens','translucens','Triticum','aestivum'),('LMG880','Xanthomonas','translucens','cerealis','Hordeum','vulgare'),('LMG881','Xanthomonas','translucens','cerealis','Bromus','inermis'),('LMG886','Xanthomonas','translucens','undulosa','Triticale',''),('LMG889','Xanthomonas','translucens','hordei','Hordeum','vulgare'),('LMG8984','Xanthomonas','arboricola','','Solanum','lycopersicum'),('LMG8986','Xanthomonas','arboricola','','Linaria',''),('LMG8988','Xanthomonas','arboricola','','Solanum','lycopersicum'),('LMG8989','Xanthomonas','sacchari','','Citrus','sinensis'),('LMG8991','Xanthomonas','axonopodis','','Solanum','lycopersicum'),('LMG8992','Xanthomonas','melonis','','Citrus','sinensis'),('LMG8993','Xanthomonas','arboricola','','Citrus','sinensis'),('LMG8994','Xanthomonas','','','Physalis','peruviana'),('LMG8996','Xanthomonas','arboricola','','Solanum','lycopersicum'),('LMG8997','Xanthomonas','campestris','','Solanum','lycopersicum'),('LMG8999','Xanthomonas','axonopodis','','Solanum','lycopersicum'),('LMG9000','Xanthomonas','','','Solanum','nigrum'),('LMG9001','Xanthomonas','','','Capsicum','annuum'),('LMG9002','Xanthomonas','','','Citrus','sinensis'),('M92','Xanthomonas','maliensis','','Ischaemum','rugosum'),('MAFF301420','Xanthomonas','arboricola','pruni','Prunus','persica'),('MAFF301427','Xanthomonas','arboricola','pruni','Prunus','persica'),('MAFF311562','Xanthomonas','arboricola','pruni','Prunus','persica'),('MAI16','Xanthomonas','oryzae','oryzicola','Oryza','sativa'),('MAI17','Xanthomonas','oryzae','oryzicola','Oryza','sativa'),('MAI18','Xanthomonas','oryzae','oryzicola','Oryza','longistaminata'),('MAI19','Xanthomonas','oryzae','oryzicola','Oryza','longistaminata'),('MAI20','Xanthomonas','oryzae','oryzicola','Oryza','longistaminata'),('MAI21','Xanthomonas','oryzae','oryzicola','Oryza','longistaminata'),('MAI22','Xanthomonas','oryzae','oryzicola','Oryza','barthii'),('MAI23','Xanthomonas','oryzae','oryzicola','Oryza','barthii'),('MAI24','Xanthomonas','oryzae','oryzicola','Oryza','barthii'),('MAI25','Xanthomonas','oryzae','oryzicola','Oryza','longistaminata'),('MAI26','Xanthomonas','oryzae','oryzicola','Oryza','sativa'),('MAI28','Xanthomonas','oryzae','oryzicola','Oryza','sativa'),('MAI29','Xanthomonas','oryzae','oryzicola','Oryza','sativa'),('MAI3','Xanthomonas','oryzae','oryzicola','Oryza','sativa'),('MAI30','Xanthomonas','oryzae','oryzicola','Oryza','sativa'),('MAI31','Xanthomonas','oryzae','oryzicola','Oryza','sativa'),('MAI32','Xanthomonas','oryzae','oryzicola','Oryza','sativa'),('MAI33','Xanthomonas','oryzae','oryzicola','Oryza','sativa'),('MAI34','Xanthomonas','oryzae','oryzicola','Oryza','sativa'),('MAI35','Xanthomonas','oryzae','oryzicola','Oryza','sativa'),('MAI36','Xanthomonas','oryzae','oryzicola','Oryza','barthii'),('MAI37','Xanthomonas','oryzae','oryzicola','Oryza','sativa'),('MAI38','Xanthomonas','oryzae','oryzicola','Oryza','sativa'),('MAI39','Xanthomonas','oryzae','oryzicola','Oryza','sativa'),('MAI40','Xanthomonas','oryzae','oryzicola','Oryza','sativa'),('MAI41','Xanthomonas','oryzae','oryzicola','Oryza','sativa'),('MAI42','Xanthomonas','oryzae','oryzicola','Oryza','sativa'),('MAI43','Xanthomonas','oryzae','oryzicola','Oryza','sativa'),('MAI44','Xanthomonas','oryzae','oryzicola','Oryza','sativa'),('MAI45','Xanthomonas','oryzae','oryzicola','Oryza','sativa'),('MAI46','Xanthomonas','oryzae','oryzicola','Oryza','sativa'),('MUS060','Xanthomonas','pseudoalbilineans','','Paspalum','dilatatum'),('nA1','Xanthomonas','campestris','','Brassica','oleracea'),('nA2','Xanthomonas','campestris','','Brassica','oleracea'),('NCCB100457','Xanthomonas','arboricola','corylina','Corylus','avellana'),('NCPPB1060','Xanthomonas','vasicola','holcicola','Sorghum','vulgare'),('NCPPB1131','Xanthomonas','','','Musa','acuminata'),('NCPPB1132','Xanthomonas','','','Musa','acuminata'),('NCPPB1159','Xanthomonas','axonopodis','maniholtis','Maniholt','esculenta'),('NCPPB1447','Xanthomonas','arboricola','juglandis','Juglans','regia'),('NCPPB1630','Xanthomonas','arboricola','celebensis','Musa','acuminata'),('NCPPB186','Xanthomonas','axonopodis','vasculorum','Saccharum','officinarum'),('NCPPB2005','Xanthomonas','campestris','musacearum','Musa','acuminata'),('NCPPB206','Xanthomonas','vasicola','vasculorum','Zea','mays'),('NCPPB2877','Xanthomonas','cannabis','','Cannabis','sativa'),('NCPPB2985','Xanthomonas','campestris','perlargonii','Pelargonium','peltatum'),('NCPPB3126','Xanthomonas','vasicola','holcicola','Sorghum','vulgare'),('NCPPB3709','Xanthomonas','translucens','graminis','Lolium','perenne'),('NCPPB3753','Xanthomonas','cannabis','','Cannabis','sativa'),('NCPPB4031','Xanthomonas','campestris','perlargonii','Pelargonium','peltatum'),('NCPPB4182','Xanthomonas','arboricola','fragariae','Fragaria','ananassa'),('NCPPB4183','Xanthomonas','arboricola','fragariae','Fragaria','ananassa'),('NCPPB4346','Xanthomonas','campestris','leersiae','Leersia','hexandra'),('NCPPB4378','Xanthomonas','campestris','musacearum','Musa','acuminata'),('NCPPB4379','Xanthomonas','campestris','musacearum','Musa','acuminata'),('NCPPB4387','Xanthomonas','campestris','musacearum','Musa','acuminata'),('NCPPB4390','Xanthomonas','campestris','musacearum','Musa','acuminata'),('NCPPB4392','Xanthomonas','campestris','musacearum','Musa','acuminata'),('NCPPB4393','Xanthomonas','campestris','musacearum','Musa','acuminata'),('NCPPB4433','Xanthomonas','campestris','musacearum','Musa','acuminata'),('NCPPB4434','Xanthomonas','campestris','musacearum','Musa','acuminata'),('NCPPB529','Xanthomonas','campestris','campestris','Brassica','oleracea'),('NCPPB702','Xanthomonas','vasicola','vasculorum','Lycopersicum','esculentum'),('NCPPB796','Xanthomonas','axonopodis','vasculorum','Saccharum','officinarum'),('NCPPB890','Xanthomonas','vasicola','vasculorum','Lycopersicum','esculentum'),('NCPPB895','Xanthomonas','vasicola','vasculorum','Lycopersicum','esculentum'),('NCPPB899','Xanthomonas','axonopodis','vasculorum','Saccharum','officinarum'),('nE1','Xanthomonas','campestris','','Brassica','oleracea'),('nN1','Xanthomonas','campestris','','Brassica','oleracea'),('nS1','Xanthomonas','campestris','','Brassica','oleracea'),('nT1','Xanthomonas','campestris','','Brassica','oleracea'),('Nyagatare','Xanthomonas','cannabis','','Phaseolus','vulgaris'),('ORST17','Xanthomonas','axonopodis','maniholtis','Maniholt','esculenta'),('ORST172c3','Xanthomonas','axonopodis','maniholtis','Maniholt','esculenta'),('ORST4','Xanthomonas','axonopodis','maniholtis','Maniholt','esculenta'),('PD2698','Xanthomonas','arboricola','fragariae','Begonia','natalensis'),('PPL1','Xanthomonas','sontii','','Oryza','sativa'),('PPL2','Xanthomonas','sontii','','Oryza','sativa'),('PPL3','Xanthomonas','sontii','','Oryza','sativa'),('PXA10-1','Xanthomonas','arboricola','pruni','Prunus','persica'),('R1','Xanthomonas','sacchari','','Oryza','sativa'),('SAM144','Xanthomonas','sontii','','Oryza','sativa'),('WHRI8844','Xanthomonas','floridensis','','Nasturtium','officinale'),('WHRI8846A','Xanthomonas','floridensis','','Nasturtium','officinale'),('WHRI8848','Xanthomonas','floridensis','','Nasturtium','officinale'),('WHRI8851','Xanthomonas','floridensis','','Nasturtium','officinale'),('WHRI8853','Xanthomonas','nasturtii','','Nasturtium','officinale'),('WHRI8930A','Xanthomonas','nasturtii','','Nasturtium','officinale'),('X1553','Xanthomonas','','','Asparagus','virgatus'),('X1554','Xanthomonas','','','Asparagus','virgatus'),('X1555','Xanthomonas','','','Asparagus','virgatus'),('X1556','Xanthomonas','','','Asparagus','virgatus'),('X1557','Xanthomonas','','','Asparagus','virgatus'),('X1558','Xanthomonas','','','Asparagus','virgatus'),('X1571','Xanthomonas','','','Asparagus','virgatus'),('X1572','Xanthomonas','','','Asparagus','virgatus'),('X1573','Xanthomonas','','','Asparagus','virgatus'),('X1574','Xanthomonas','','','Asparagus','virgatus'),('X1575','Xanthomonas','','','Asparagus','virgatus'),('X1576','Xanthomonas','','','Asparagus','virgatus'),('X1577','Xanthomonas','','','Asparagus','virgatus'),('X1578','Xanthomonas','','','Asparagus','virgatus'),('X1579','Xanthomonas','','','Asparagus','virgatus'),('X1580','Xanthomonas','','','Asparagus','virgatus'),('X1581','Xanthomonas','','','Asparagus','virgatus'),('X1582','Xanthomonas','','','Asparagus','virgatus'),('X1583','Xanthomonas','','','Asparagus','virgatus'),('X1584','Xanthomonas','','','Asparagus','virgatus'),('X1585','Xanthomonas','','','Asparagus','virgatus'),('X1586','Xanthomonas','','','Asparagus','virgatus'),('X1587','Xanthomonas','','','Asparagus','virgatus'),('X1588','Xanthomonas','','','Asparagus','virgatus'),('X1589','Xanthomonas','','','Asparagus','virgatus'),('X1592','Xanthomonas','','','Asparagus','virgatus'),('X1593','Xanthomonas','','','Asparagus','virgatus'),('X1594','Xanthomonas','','','Asparagus','virgatus'),('X1595','Xanthomonas','','','Asparagus','virgatus'),('X1596','Xanthomonas','','','Asparagus','virgatus'),('X1597','Xanthomonas','','','Asparagus','virgatus'),('X1598','Xanthomonas','','','Asparagus','virgatus'),('X1599','Xanthomonas','','','Asparagus','virgatus'),('X1650','Xanthomonas','translucens','secalis','Sesamum','indicum'),('XA23','Xanthomonas','albilineans','','Saccharum','officinarum'),('XA23R1','Xanthomonas','albilineans','','Saccharum','officinarum'),('Xaj2','Xanthomonas','arboricola','juglandis','Juglans','regia'),('Xaj4.1','Xanthomonas','arboricola','juglandis','Juglans','regia'),('Xaj417','Xanthomonas','arboricola','juglandis','Juglans','regia'),('Xaj43a','Xanthomonas','arboricola','juglandis','Juglans','regia'),('XAS1','Xanthomonas','albilineans','','Saccharum','officinarum'),('XAS3','Xanthomonas','pseudoalbilineans','','Saccharum','officinarum'),('Xcc-05-1','Xanthomonas','campestris','campestris','Brassica','oleracea'),('Xcc-06','Xanthomonas','campestris','campestris','Brassica','oleracea'),('Xcc-G','Xanthomonas','campestris','campestris','Brassica','oleracea'),('Xcc-P1','Xanthomonas','campestris','campestris','Brassica','oleracea'),('Xcc-P5-1','Xanthomonas','campestris','campestris','Brassica','oleracea'),('Xcc-T1','Xanthomonas','campestris','campestris','Brassica','oleracea'),('Xcc-TG1','Xanthomonas','campestris','campestris','Brassica','oleracea'),('Xcc-X3LB','Xanthomonas','campestris','campestris','Brassica','oleracea'),('Xcc1-1','Xanthomonas','campestris','campestris','Brassica','oleracea'),('Xcr-R1','Xanthomonas','campestris','raphani','Raphanus','sativus'),('Xcr-TGA','Xanthomonas','campestris','raphani','Brassica','oleracea'),('Xcr-TH1B','Xanthomonas','campestris','raphani','Brassica','oleracea'),('Xcr-X2B1','Xanthomonas','campestris','raphani','Brassica','oleracea'),('Xcr-X3A2','Xanthomonas','campestris','raphani','Brassica','oleracea'),('XTG1','Xanthomonas','translucens','graminis','Lolium','multiflorum'),('XTG10','Xanthomonas','translucens','graminis','Lolium','multiflorum'),('XTG11','Xanthomonas','translucens','graminis','Lolium','multiflorum'),('XTG12','Xanthomonas','translucens','graminis','Lolium','multiflorum'),('XTG13','Xanthomonas','translucens','graminis','Lolium','multiflorum'),('XTG14','Xanthomonas','translucens','graminis','Lolium','multiflorum'),('XTG15','Xanthomonas','translucens','graminis','Lolium','multiflorum'),('XTG16','Xanthomonas','translucens','graminis','Lolium','multiflorum'),('XTG17','Xanthomonas','translucens','graminis','Lolium','multiflorum'),('XTG18','Xanthomonas','translucens','graminis','Lolium','multiflorum'),('XTG19','Xanthomonas','translucens','graminis','Lolium','multiflorum'),('XTG2','Xanthomonas','translucens','graminis','Lolium','multiflorum'),('XTG20','Xanthomonas','translucens','graminis','Lolium','multiflorum'),('XTG21','Xanthomonas','translucens','graminis','Lolium','multiflorum'),('XTG22','Xanthomonas','translucens','graminis','Lolium','multiflorum'),('XTG23','Xanthomonas','translucens','graminis','Lolium','multiflorum'),('XTG24','Xanthomonas','translucens','graminis','Lolium','multiflorum'),('XTG25','Xanthomonas','translucens','graminis','Lolium','multiflorum'),('XTG26','Xanthomonas','translucens','graminis','Lolium','multiflorum'),('XTG27','Xanthomonas','translucens','graminis','Lolium','multiflorum'),('XTG28','Xanthomonas','translucens','graminis','Lolium','multiflorum'),('XTG29','Xanthomonas','translucens','graminis','Lolium','multiflorum'),('XTG3','Xanthomonas','translucens','graminis','Lolium','multiflorum'),('XTG30','Xanthomonas','translucens','graminis','Lolium','multiflorum'),('XTG31','Xanthomonas','translucens','graminis','Lolium','multiflorum'),('XTG4','Xanthomonas','translucens','graminis','Lolium','multiflorum'),('XTG5','Xanthomonas','translucens','graminis','Lolium','multiflorum'),('XTG6','Xanthomonas','translucens','graminis','Lolium','multiflorum'),('XTG7','Xanthomonas','translucens','graminis','Lolium','multiflorum'),('XTG8','Xanthomonas','translucens','graminis','Lolium','multiflorum'),('XTG9','Xanthomonas','translucens','graminis','Lolium','multiflorum');
/*!40000 ALTER TABLE `strain` ENABLE KEYS */;
UNLOCK TABLES;

--
-- Table structure for table `test`
--

DROP TABLE IF EXISTS `test`;
/*!40101 SET @saved_cs_client     = @@character_set_client */;
/*!50503 SET character_set_client = utf8mb4 */;
CREATE TABLE `test` (
  `strainName` varchar(45) NOT NULL,
  `citationKey` varchar(45) NOT NULL,
  `hostGenus` varchar(45) NOT NULL,
  `hostSpecies` varchar(45) NOT NULL,
  `method` varchar(45) DEFAULT NULL,
  `pathogenicity` varchar(45) DEFAULT NULL,
  `symptoms` varchar(45) DEFAULT NULL,
  PRIMARY KEY (`strainName`,`citationKey`,`hostGenus`,`hostSpecies`),
  KEY `fk_STRAIN_has_HOST_STRAIN1_idx` (`strainName`),
  KEY `fk_TEST_PAPER1_idx` (`citationKey`),
  KEY `fk_test_host1_idx` (`hostGenus`,`hostSpecies`),
  CONSTRAINT `fk_STRAIN_has_HOST_STRAIN1` FOREIGN KEY (`strainName`) REFERENCES `strain` (`name`) ON DELETE RESTRICT ON UPDATE CASCADE,
  CONSTRAINT `fk_test_host1` FOREIGN KEY (`hostGenus`, `hostSpecies`) REFERENCES `host` (`genus`, `species`) ON DELETE RESTRICT ON UPDATE CASCADE,
  CONSTRAINT `fk_TEST_PAPER1` FOREIGN KEY (`citationKey`) REFERENCES `paper` (`citationKey`) ON DELETE RESTRICT ON UPDATE CASCADE
) ENGINE=InnoDB DEFAULT CHARSET=utf8;
/*!40101 SET character_set_client = @saved_cs_client */;

--
-- Dumping data for table `test`
--

LOCK TABLES `test` WRITE;
/*!40000 ALTER TABLE `test` DISABLE KEYS */;
INSERT INTO `test` VALUES ('10.0343','garita2016comparative','Prunus','persica','infiltration','pathogenic','unspecified'),('10.0400','garita2016comparative','Prunus','persica','infiltration','pathogenic','unspecified'),('10.0439','garita2016comparative','Prunus','persica','infiltration','pathogenic','unspecified'),('106M','wonni2014analysis','Oryza','sativa','infiltration','non-pathogenic',''),('120M','wonni2014analysis','Oryza','sativa','infiltration','non-pathogenic',''),('12591','hajri2010identification','Juglans','regia','incision','pathogenic','unspecified'),('12714','hajri2010identification','Juglans','regia','incision','pathogenic','unspecified'),('12766','hajri2010identification','Juglans','regia','incision','pathogenic','unspecified'),('12767','hajri2010identification','Juglans','regia','incision','pathogenic','unspecified'),('12768','hajri2010identification','Juglans','regia','incision','pathogenic','unspecified'),('12769','hajri2010identification','Juglans','regia','incision','pathogenic','unspecified'),('12774','hajri2010identification','Juglans','regia','incision','pathogenic','unspecified'),('12776','hajri2010identification','Juglans','regia','incision','pathogenic','unspecified'),('12777','hajri2010identification','Juglans','regia','incision','pathogenic','unspecified'),('12778','hajri2010identification','Juglans','regia','incision','pathogenic','unspecified'),('12779','hajri2010identification','Juglans','regia','incision','pathogenic','unspecified'),('12783','hajri2010identification','Juglans','regia','incision','non-pathogenic',''),('136M','wonni2014analysis','Oryza','sativa','infiltration','non-pathogenic',''),('3004','ignatov2015draft','Hordeum','vulgare','unknown','pathogenic','mild'),('89M','wonni2014analysis','Oryza','sativa','infiltration','non-pathogenic',''),('97M','wonni2014analysis','Oryza','sativa','infiltration','non-pathogenic',''),('ASD011','mirghasempour2020grain','Oryza','sativa','spray','pathogenic','normal'),('ATCC10731','rademaker2006classification','Asparagus','virgatus','mist','non-pathogenic',''),('ATCC10731','rademaker2006classification','Hordeum','vulgare','mist','pathogenic','unspecified'),('ATCC10770','rademaker2006classification','Asparagus','virgatus','mist','non-pathogenic',''),('ATCC10770','rademaker2006classification','Hordeum','vulgare','mist','pathogenic','unspecified'),('ATCC10771','rademaker2006classification','Asparagus','virgatus','mist','pathogenic','unspecified'),('ATCC10771','rademaker2006classification','Hordeum','vulgare','mist','pathogenic','unspecified'),('ATCC33803','rademaker2006classification','Asparagus','virgatus','mist','non-pathogenic',''),('ATCC33803','rademaker2006classification','Hordeum','vulgare','mist','non-pathogenic',''),('ATCC33804','rademaker2006classification','Asparagus','virgatus','mist','pathogenic','unspecified'),('ATCC33804','rademaker2006classification','Hordeum','vulgare','mist','pathogenic','unspecified'),('ATCC9002','rademaker2006classification','Asparagus','virgatus','mist','non-pathogenic',''),('ATCC9002','rademaker2006classification','Hordeum','vulgare','mist','pathogenic','unspecified'),('AZ98101','kawaguchi2014biological','Festuca','pratensis','curation','non-pathogenic',''),('AZ98101','kawaguchi2014biological','Prunus','persica','unknown','non-pathogenic',''),('AZ98106','kawaguchi2014biological','Panicum','bisulcatum','curation','non-pathogenic',''),('AZ98106','kawaguchi2014biological','Prunus','persica','unknown','non-pathogenic',''),('BAI10','wonni2014analysis','Oryza','sativa','infiltration','pathogenic','normal'),('BAI11','wonni2014analysis','Oryza','sativa','infiltration','pathogenic','severe'),('BAI12','wonni2014analysis','Oryza','sativa','infiltration','pathogenic','normal'),('BAI13','wonni2014analysis','Oryza','sativa','infiltration','pathogenic','normal'),('BAI14','wonni2014analysis','Oryza','sativa','infiltration','pathogenic','normal'),('BAI15','wonni2014analysis','Oryza','sativa','infiltration','pathogenic','normal'),('BAI16','wonni2014analysis','Oryza','sativa','infiltration','pathogenic','normal'),('BAI17','wonni2014analysis','Oryza','sativa','infiltration','pathogenic','normal'),('BAI18','wonni2014analysis','Oryza','sativa','infiltration','pathogenic','normal'),('BAI19','wonni2014analysis','Oryza','sativa','infiltration','pathogenic','severe'),('BAI20','wonni2014analysis','Oryza','sativa','infiltration','pathogenic','normal'),('BAI21','wonni2014analysis','Oryza','sativa','infiltration','pathogenic','normal'),('BAI22','wonni2014analysis','Oryza','sativa','infiltration','pathogenic','normal'),('BAI23','wonni2014analysis','Oryza','sativa','infiltration','pathogenic','mild'),('BAI34','wonni2014analysis','Oryza','sativa','infiltration','pathogenic','normal'),('BAI35','wonni2014analysis','Oryza','sativa','infiltration','pathogenic','normal'),('BAI36','wonni2014analysis','Oryza','sativa','infiltration','pathogenic','normal'),('BAI37','wonni2014analysis','Oryza','sativa','infiltration','pathogenic','normal'),('BAI38','wonni2014analysis','Oryza','sativa','infiltration','non-pathogenic',''),('BAI39','wonni2014analysis','Oryza','sativa','infiltration','pathogenic','normal'),('BAI40','wonni2014analysis','Oryza','sativa','infiltration','pathogenic','normal'),('BAI41','wonni2014analysis','Oryza','sativa','infiltration','pathogenic','normal'),('BAI42','wonni2014analysis','Oryza','sativa','infiltration','pathogenic','normal'),('BAI43','wonni2014analysis','Oryza','sativa','infiltration','pathogenic','normal'),('BAI44','wonni2014analysis','Oryza','sativa','infiltration','pathogenic','normal'),('BAI49','wonni2014analysis','Oryza','sativa','infiltration','pathogenic','normal'),('BAI5','wonni2014analysis','Oryza','sativa','infiltration','pathogenic','normal'),('BAI6','wonni2014analysis','Oryza','sativa','infiltration','pathogenic','severe'),('BAI60','wonni2014analysis','Oryza','sativa','infiltration','pathogenic','mild'),('BAI62','wonni2014analysis','Oryza','sativa','infiltration','pathogenic','normal'),('BAI65','wonni2014analysis','Oryza','sativa','infiltration','pathogenic','normal'),('BAI68','wonni2014analysis','Oryza','sativa','infiltration','pathogenic','normal'),('BAI69','wonni2014analysis','Oryza','sativa','infiltration','pathogenic','normal'),('BAI7','wonni2014analysis','Oryza','sativa','infiltration','pathogenic','normal'),('BAI76','wonni2014analysis','Oryza','sativa','infiltration','pathogenic','normal'),('BAI8','wonni2014analysis','Oryza','sativa','infiltration','pathogenic','normal'),('BAI82','wonni2014analysis','Oryza','sativa','infiltration','pathogenic','mild'),('BAI9','wonni2014analysis','Oryza','sativa','infiltration','pathogenic','mild'),('BC2527','merda2016recombination','Capsicum','annuum','curation','pathogenic','unspecified'),('BC2528','merda2016recombination','Capsicum','annuum','curation','pathogenic','unspecified'),('BC2529','merda2016recombination','Capsicum','annuum','curation','pathogenic','unspecified'),('BC2667a','merda2016recombination','Capsicum','annuum','curation','pathogenic','unspecified'),('BC2667b','merda2016recombination','Capsicum','annuum','curation','pathogenic','unspecified'),('BC2668','merda2016recombination','Capsicum','annuum','curation','pathogenic','unspecified'),('BC2669','merda2016recombination','Capsicum','annuum','curation','pathogenic','unspecified'),('BC2670','merda2016recombination','Capsicum','annuum','curation','pathogenic','unspecified'),('BLS256','wonni2014analysis','Oryza','sativa','infiltration','pathogenic','severe'),('BXO1','bansal2019xanthomonas','Oryza','sativa','clipping','pathogenic','normal'),('CFBP1022','essakhi2015phylogenetic','Juglans','regia','spray','non-pathogenic',''),('CFBP1022','hajri2010identification','Juglans','regia','incision','non-pathogenic',''),('CFBP1022','merda2016recombination','Juglans','regia','curation','non-pathogenic',''),('CFBP1156','janse1983yellow','Hyacinthus','orientalis','unknown','pathogenic','unspecified'),('CFBP1156','janse1983yellow','Scilla','tubergeniana','unknown','pathogenic','unspecified'),('CFBP1159','merda2016recombination','Corylus','maxima','curation','pathogenic','unspecified'),('CFBP176','merda2016recombination','Juglans','regia','curation','pathogenic','unspecified'),('CFBP1846','merda2016recombination','Corylus','avellana','curation','pathogenic','unspecified'),('CFBP1847','merda2016recombination','Corylus','avellana','curation','pathogenic','unspecified'),('CFBP1848','merda2016recombination','Corylus','avellana','curation','pathogenic','unspecified'),('CFBP1851','gonzalez2002characterization','Maniholt','esculenta','puncture','pathogenic','unspecified'),('CFBP1941','essakhi2015phylogenetic','Lycopersicum','esculentum','puncture','pathogenic','unspecified'),('CFBP2113','merda2016recombination','Populus','interamericana','curation','pathogenic','unspecified'),('CFBP2528','cesbron2015comparative','Juglans','regia','unknown','pathogenic','normal'),('CFBP2528','essakhi2015phylogenetic','Juglans','regia','spray','pathogenic','normal'),('CFBP2528','fischer2015aggressive','Juglans','regia','incision','non-pathogenic',''),('CFBP2528','hajri2010identification','Juglans','regia','unknown','pathogenic','normal'),('CFBP2528','merda2016recombination','Juglans','regia','curation','pathogenic','unspecified'),('CFBP2564','fischer2015aggressive','Juglans','regia','incision','non-pathogenic',''),('CFBP2564','hajri2010identification','Juglans','regia','incision','non-pathogenic',''),('CFBP2564','merda2016recombination','Juglans','regia','curation','pathogenic','unspecified'),('CFBP2565','merda2016recombination','Corylus','avellana','curation','pathogenic','unspecified'),('CFBP2568','fischer2015aggressive','Juglans','regia','incision','non-pathogenic',''),('CFBP2568','merda2016recombination','Juglans','regia','curation','pathogenic','unspecified'),('CFBP2632','merda2016recombination','Juglans','regia','curation','pathogenic','unspecified'),('CFBP2666','merda2016recombination','Populus','interamericana','curation','pathogenic','unspecified'),('CFBP2669','merda2016recombination','Populus','canadensis','curation','pathogenic','unspecified'),('CFBP2983','merda2016recombination','Populus','canadensis','curation','pathogenic','unspecified'),('CFBP2985','merda2016recombination','Populus','interamericana','curation','pathogenic','unspecified'),('CFBP2986','merda2016recombination','Populus','interamericana','curation','pathogenic','unspecified'),('CFBP3004','merda2016recombination','Populus','interamericana','curation','pathogenic','unspecified'),('CFBP3121','merda2016recombination','Salix','alba','curation','pathogenic','unspecified'),('CFBP3122','merda2016recombination','Salix','alba','curation','pathogenic','unspecified'),('CFBP3123','merda2016recombination','Populus','canadensis','curation','pathogenic','unspecified'),('CFBP3124','merda2016recombination','Populus','generosa','curation','pathogenic','unspecified'),('CFBP3338','merda2016recombination','Populus','interamericana','curation','pathogenic','unspecified'),('CFBP3342','merda2016recombination','Salix','','curation','pathogenic','unspecified'),('CFBP3343','merda2016recombination','Populus','','curation','pathogenic','unspecified'),('CFBP3344','merda2016recombination','Salix','','curation','pathogenic','unspecified'),('CFBP3523','harrison2016draft','Musa','acuminata','unknown','pathogenic','mild'),('CFBP3523','merda2016recombination','Musa','acuminata','curation','pathogenic','unspecified'),('CFBP3544','vandroemme2013xanthomonas','Fragaria','ananassa','spray','non-pathogenic',''),('CFBP3548','merda2016recombination','Fragaria','','curation','non-pathogenic',''),('CFBP3548','vandroemme2013xanthomonas','Fragaria','ananassa','spray','non-pathogenic',''),('CFBP3549','merda2016recombination','Fragaria','','curation','non-pathogenic',''),('CFBP3549','vandroemme2013xanthomonas','Fragaria','ananassa','spray','non-pathogenic',''),('CFBP3839','merda2016recombination','Populus','deltoides','curation','pathogenic','unspecified'),('CFBP3893','merda2016recombination','Prunus','persica','curation','pathogenic','unspecified'),('CFBP3894','essakhi2015phylogenetic','Prunus','persica','infiltration','pathogenic','normal'),('CFBP3894','garita2016comparative','Prunus','persica','infiltration','pathogenic','unspecified'),('CFBP3894','merda2016recombination','Prunus','salicina','curation','pathogenic','unspecified'),('CFBP3898','merda2016recombination','Prunus','domestica','curation','pathogenic','unspecified'),('CFBP3900','merda2016recombination','Prunus','persica','curation','pathogenic','unspecified'),('CFBP3901','merda2016recombination','Prunus','armeniaca','curation','pathogenic','unspecified'),('CFBP3921','merda2016recombination','Prunus','persica','curation','pathogenic','unspecified'),('CFBP4021','merda2016recombination','Magnolia','','curation','pathogenic','unspecified'),('CFBP4023','merda2016recombination','Magnolia','stellata','curation','pathogenic','unspecified'),('CFBP411','merda2016recombination','Prunus','persica','curation','pathogenic','unspecified'),('CFBP4691','uehara1980canker','Camellia','sinensis','unknown','pathogenic','unspecified'),('CFBP5229','merda2016recombination','Prunus','','curation','pathogenic','unspecified'),('CFBP5241','essakhi2015phylogenetic','Nicotiana','benthamiana','puncture','pathogenic','unspecified'),('CFBP5241','essakhi2015phylogenetic','Raphanus','sativus','puncture','pathogenic','unspecified'),('CFBP5253','vandroemme2013xanthomonas','Fragaria','ananassa','spray','pathogenic','normal'),('CFBP5261','vandroemme2013xanthomonas','Fragaria','ananassa','spray','pathogenic','normal'),('CFBP5529','merda2016recombination','Prunus','persica','curation','pathogenic','unspecified'),('CFBP5530','garita2016comparative','Prunus','persica','infiltration','pathogenic','unspecified'),('CFBP5530','merda2016recombination','Prunus','persica','curation','pathogenic','unspecified'),('CFBP5580','merda2016recombination','Prunus','japonica','curation','pathogenic','unspecified'),('CFBP5618','essakhi2015phylogenetic','Capsicum','annuum','puncture','pathogenic','unspecified'),('CFBP5722','merda2016recombination','Prunus','persica','curation','pathogenic','unspecified'),('CFBP5723','merda2016recombination','Prunus','','curation','pathogenic','unspecified'),('CFBP5724','garita2016comparative','Prunus','persica','infiltration','pathogenic','unspecified'),('CFBP5724','merda2016recombination','Prunus','amygalus','curation','pathogenic','unspecified'),('CFBP5956','merda2016recombination','Corylus','avellana','curation','pathogenic','unspecified'),('CFBP6101','merda2016recombination','Corylus','avellana','curation','pathogenic','unspecified'),('CFBP6555','merda2016recombination','Corylus','avellana','curation','pathogenic','unspecified'),('CFBP6557','merda2016recombination','Juglans','regia','curation','pathogenic','unspecified'),('CFBP6600','merda2016recombination','Corylus','avellana','curation','pathogenic','unspecified'),('CFBP6653','merda2016recombination','Prunus','persica','curation','pathogenic','unspecified'),('CFBP6683','merda2016recombination','Allium','cepa','curation','pathogenic','unspecified'),('CFBP6762','merda2016recombination','Fragaria','ananassa','curation','non-pathogenic',''),('CFBP6762','vandroemme2013xanthomonas','Fragaria','ananassa','spray','non-pathogenic',''),('CFBP6763','merda2016recombination','Fragaria','ananassa','curation','non-pathogenic',''),('CFBP6763','vandroemme2013xanthomonas','Fragaria','ananassa','spray','non-pathogenic',''),('CFBP6770','merda2016recombination','Fragaria','ananassa','curation','non-pathogenic',''),('CFBP6770','vandroemme2013xanthomonas','Fragaria','ananassa','spray','non-pathogenic',''),('CFBP6772','merda2016recombination','Fragaria','ananassa','curation','non-pathogenic',''),('CFBP6772','vandroemme2013xanthomonas','Fragaria','ananassa','spray','non-pathogenic',''),('CFBP6773','merda2016recombination','Fragaria','ananassa','curation','non-pathogenic',''),('CFBP6773','vandroemme2013xanthomonas','Fragaria','ananassa','spray','non-pathogenic',''),('CFBP6825','merda2016recombination','Capsicum','annuum','curation','pathogenic','unspecified'),('CFBP6826','merda2016recombination','Capsicum','annuum','curation','pathogenic','unspecified'),('CFBP6827','merda2016recombination','Capsicum','annuum','curation','pathogenic','unspecified'),('CFBP6828','merda2016recombination','Capsicum','annuum','curation','pathogenic','unspecified'),('CFBP7071','merda2016recombination','Juglans','','curation','pathogenic','unspecified'),('CFBP7072','merda2016recombination','Juglans','','curation','pathogenic','unspecified'),('CFBP7098','merda2016recombination','Prunus','domestica','curation','pathogenic','unspecified'),('CFBP7099','merda2016recombination','Prunus','domestica','curation','pathogenic','unspecified'),('CFBP7100','merda2016recombination','Prunus','dulcis','curation','pathogenic','unspecified'),('CFBP7150','merda2016recombination','Musa','acuminata','curation','pathogenic','unspecified'),('CFBP7152','fischer2015aggressive','Euphorbia','pulcherrima','infiltration','pathogenic','mild'),('CFBP7152','merda2016recombination','Euphorbia','pulcherrima','curation','pathogenic','unspecified'),('CFBP7154','fischer2015aggressive','Euphorbia','pulcherrima','infiltration','pathogenic','mild'),('CFBP7154','merda2016recombination','Euphorbia','pulcherrima','curation','pathogenic','unspecified'),('CFBP7179','cesbron2015comparative','Juglans','regia','unknown','pathogenic','normal'),('CFBP7179','essakhi2015phylogenetic','Juglans','regia','spray','pathogenic','normal'),('CFBP7179','fischer2015aggressive','Juglans','regia','incision','pathogenic','normal'),('CFBP7179','hajri2010identification','Juglans','regia','unknown','pathogenic','normal'),('CFBP7179','merda2016recombination','Juglans','regia','curation','pathogenic','unspecified'),('CFBP7244','merda2016recombination','Juglans','regia','curation','pathogenic','unspecified'),('CFBP7277','fischer2015aggressive','Euphorbia','pulcherrima','infiltration','pathogenic','normal'),('CFBP7278','fischer2015aggressive','Euphorbia','pulcherrima','infiltration','pathogenic','mild'),('CFBP7278','merda2016recombination','Euphorbia','pulcherrima','curation','pathogenic','unspecified'),('CFBP7279','fischer2015aggressive','Juglans','regia','incision','pathogenic','normal'),('CFBP7294','fischer2015aggressive','Juglans','regia','incision','pathogenic','normal'),('CFBP7294','merda2016recombination','Juglans','regia','curation','pathogenic','unspecified'),('CFBP7295','fischer2015aggressive','Juglans','regia','incision','pathogenic','normal'),('CFBP7295','merda2016recombination','Juglans','regia','curation','pathogenic','unspecified'),('CFBP7296','fischer2015aggressive','Juglans','regia','incision','non-pathogenic',''),('CFBP7296','merda2016recombination','Juglans','regia','curation','pathogenic','unspecified'),('CFBP7297','merda2016recombination','Juglans','regia','curation','pathogenic','unspecified'),('CFBP7298','fischer2015aggressive','Juglans','regia','incision','non-pathogenic',''),('CFBP7298','merda2016recombination','Juglans','regia','curation','pathogenic','unspecified'),('CFBP7299','fischer2015aggressive','Juglans','regia','incision','pathogenic','normal'),('CFBP7299','merda2016recombination','Juglans','regia','curation','pathogenic','unspecified'),('CFBP7300','fischer2015aggressive','Juglans','regia','incision','pathogenic','normal'),('CFBP7300','merda2016recombination','Juglans','regia','curation','pathogenic','unspecified'),('CFBP7301','fischer2015aggressive','Juglans','regia','incision','pathogenic','normal'),('CFBP7301','hajri2010identification','Juglans','regia','incision','pathogenic','unspecified'),('CFBP7301','merda2016recombination','Juglans','regia','curation','pathogenic','unspecified'),('CFBP7302','fischer2015aggressive','Juglans','regia','incision','pathogenic','normal'),('CFBP7302','merda2016recombination','Juglans','regia','curation','pathogenic','unspecified'),('CFBP7303','fischer2015aggressive','Juglans','regia','incision','pathogenic','normal'),('CFBP7303','merda2016recombination','Juglans','regia','curation','pathogenic','unspecified'),('CFBP7304','fischer2015aggressive','Juglans','regia','incision','pathogenic','normal'),('CFBP7304','hajri2010identification','Juglans','regia','incision','pathogenic','unspecified'),('CFBP7304','merda2016recombination','Juglans','regia','curation','pathogenic','unspecified'),('CFBP7403','merda2016recombination','Arracacia','xanthorrhiza','curation','pathogenic','unspecified'),('CFBP7404','merda2016recombination','Arracacia','xanthorrhiza','curation','pathogenic','unspecified'),('CFBP7405','merda2016recombination','Arracacia','xanthorrhiza','curation','pathogenic','unspecified'),('CFBP7406','merda2016recombination','Arracacia','xanthorrhiza','curation','pathogenic','unspecified'),('CFBP7407','merda2016recombination','Arracacia','xanthorrhiza','curation','pathogenic','unspecified'),('CFBP7408','merda2016recombination','Guizotia','abyssinica','curation','pathogenic','unspecified'),('CFBP7409','merda2016recombination','Guizotia','abyssinica','curation','pathogenic','unspecified'),('CFBP7410','fischer2015aggressive','Zantedeschiae','aethiopica','infiltration','pathogenic','normal'),('CFBP7410','merda2016recombination','Zantedeschiae','aethiopica','curation','pathogenic','unspecified'),('CFBP7411','fischer2015aggressive','Zantedeschiae','aethiopica','infiltration','pathogenic','normal'),('CFBP7411','merda2016recombination','Zantedeschiae','aethiopica','curation','pathogenic','unspecified'),('CFBP7412','fischer2015aggressive','Zantedeschiae','aethiopica','infiltration','pathogenic','normal'),('CFBP7412','merda2016recombination','Zantedeschiae','aethiopica','curation','pathogenic','unspecified'),('CFBP7413','merda2016recombination','Chrysanthemum','morifolium','curation','pathogenic','unspecified'),('CFBP7414','merda2016recombination','Syzygium','aromaticum','curation','pathogenic','unspecified'),('CFBP7415','merda2016recombination','Chrysanthemum','morifolium','curation','pathogenic','unspecified'),('CFBP7416','merda2016recombination','Chrysanthemum','morifolium','curation','pathogenic','unspecified'),('CFBP7417','merda2016recombination','Chrysanthemum','morifolium','curation','pathogenic','unspecified'),('CFBP7418','merda2016recombination','Chrysanthemum','morifolium','curation','pathogenic','unspecified'),('CFBP7419','merda2016recombination','Prunus','domestica','curation','pathogenic','unspecified'),('CFBP7602','merda2016recombination','Solanum','lycopersicum','curation','non-pathogenic',''),('CFBP7602','vauterin1996identification','Lycopersicum','esculentum','unknown','non-pathogenic',''),('CFBP7603','merda2016recombination','Solanum','lycopersicum','curation','non-pathogenic',''),('CFBP7603','vauterin1996identification','Lycopersicum','esculentum','unknown','non-pathogenic',''),('CFBP7604','merda2016recombination','Capsicum','annuum','curation','non-pathogenic',''),('CFBP7604','vauterin1996identification','Capsicum','annuum','unknown','non-pathogenic',''),('CFBP7605','merda2016recombination','Solanum','lycopersicum','curation','non-pathogenic',''),('CFBP7605','vauterin1996identification','Lycopersicum','esculentum','unknown','non-pathogenic',''),('CFBP7607','merda2016recombination','Citrus','','curation','non-pathogenic',''),('CFBP7607','vauterin1996identification','Citrus','sinensis','unknown','non-pathogenic',''),('CFBP7608','merda2016recombination','Anthurium','andreanum','curation','non-pathogenic',''),('CFBP7608','vauterin1996identification','Anthurium','andreanum','unknown','non-pathogenic',''),('CFBP7609','merda2016recombination','Anthurium','andreanum','curation','non-pathogenic',''),('CFBP7609','vauterin1996identification','Anthurium','andreanum','unknown','non-pathogenic',''),('CFBP7610','merda2016recombination','Pueraria','robata','curation','non-pathogenic',''),('CFBP7610','vauterin1996identification','Brassica','oleracea','unknown','non-pathogenic',''),('CFBP7610','vauterin1996identification','Camellia','sinensis','unknown','non-pathogenic',''),('CFBP7610','vauterin1996identification','Chrysanthemum','coronarium','unknown','non-pathogenic',''),('CFBP7610','vauterin1996identification','Citrus','sinensis','unknown','non-pathogenic',''),('CFBP7610','vauterin1996identification','Cucumis','sativus','unknown','non-pathogenic',''),('CFBP7610','vauterin1996identification','Glycine','max','unknown','non-pathogenic',''),('CFBP7610','vauterin1996identification','Lactuca','sativa','unknown','non-pathogenic',''),('CFBP7610','vauterin1996identification','Nicotiana','tabacum','unknown','non-pathogenic',''),('CFBP7610','vauterin1996identification','Phaseolus','vulgaris','unknown','non-pathogenic',''),('CFBP7610','vauterin1996identification','Physalis','peruviana','unknown','non-pathogenic',''),('CFBP7610','vauterin1996identification','Pueraria','robata','unknown','non-pathogenic',''),('CFBP7611','merda2016recombination','Glycine','max','curation','non-pathogenic',''),('CFBP7611','vauterin1996identification','Brassica','oleracea','unknown','non-pathogenic',''),('CFBP7611','vauterin1996identification','Camellia','sinensis','unknown','non-pathogenic',''),('CFBP7611','vauterin1996identification','Chrysanthemum','coronarium','unknown','non-pathogenic',''),('CFBP7611','vauterin1996identification','Citrus','sinensis','unknown','non-pathogenic',''),('CFBP7611','vauterin1996identification','Cucumis','sativus','unknown','non-pathogenic',''),('CFBP7611','vauterin1996identification','Glycine','max','unknown','non-pathogenic',''),('CFBP7611','vauterin1996identification','Lactuca','sativa','unknown','non-pathogenic',''),('CFBP7611','vauterin1996identification','Nicotiana','tabacum','unknown','non-pathogenic',''),('CFBP7611','vauterin1996identification','Phaseolus','vulgaris','unknown','non-pathogenic',''),('CFBP7611','vauterin1996identification','Physalis','peruviana','unknown','non-pathogenic',''),('CFBP7612','merda2016recombination','Phaseolus','','curation','non-pathogenic',''),('CFBP7612','vauterin1996identification','Phaseolus','vulgaris','unknown','non-pathogenic',''),('CFBP7613','merda2016recombination','Solanum','lycopersicum','curation','non-pathogenic',''),('CFBP7613','vauterin1996identification','Lycopersicum','esculentum','unknown','non-pathogenic',''),('CFBP7614','merda2016recombination','Magnolia','','curation','non-pathogenic',''),('CFBP7614','vauterin1996identification','Brassica','oleracea','unknown','non-pathogenic',''),('CFBP7614','vauterin1996identification','Camellia','sinensis','unknown','non-pathogenic',''),('CFBP7614','vauterin1996identification','Chrysanthemum','coronarium','unknown','non-pathogenic',''),('CFBP7614','vauterin1996identification','Citrus','sinensis','unknown','non-pathogenic',''),('CFBP7614','vauterin1996identification','Cucumis','sativus','unknown','non-pathogenic',''),('CFBP7614','vauterin1996identification','Glycine','max','unknown','non-pathogenic',''),('CFBP7614','vauterin1996identification','Lactuca','sativa','unknown','non-pathogenic',''),('CFBP7614','vauterin1996identification','Magnolia','virginiana','unknown','non-pathogenic',''),('CFBP7614','vauterin1996identification','Nicotiana','tabacum','unknown','non-pathogenic',''),('CFBP7614','vauterin1996identification','Phaseolus','vulgaris','unknown','non-pathogenic',''),('CFBP7614','vauterin1996identification','Physalis','peruviana','unknown','non-pathogenic',''),('CFBP7615','merda2016recombination','Camellia','sinensis','curation','non-pathogenic',''),('CFBP7615','vauterin1996identification','Camellia','sinensis','unknown','non-pathogenic',''),('CFBP7616','merda2016recombination','Pisum','sativum','curation','non-pathogenic',''),('CFBP7616','vauterin1996identification','Pisum','sativum','unknown','non-pathogenic','stemrot'),('CFBP7617','merda2016recombination','Pisum','sativum','curation','non-pathogenic',''),('CFBP7617','vauterin1996identification','Pisum','sativum','unknown','non-pathogenic','stemrot'),('CFBP7618','merda2016recombination','Chrysanthemum','coronarium','curation','non-pathogenic',''),('CFBP7618','vauterin1996identification','Chrysanthemum','coronarium','unknown','non-pathogenic','petiolerot'),('CFBP7620','merda2016recombination','Solanum','lycopersicum','curation','non-pathogenic',''),('CFBP7620','vauterin1996identification','Lycopersicum','esculentum','unknown','non-pathogenic',''),('CFBP7622','merda2016recombination','Phaseolus','vulgaris','curation','non-pathogenic',''),('CFBP7622','vauterin1996identification','Phaseolus','vulgaris','unknown','non-pathogenic',''),('CFBP7629','essakhi2015phylogenetic','Juglans','regia','spray','non-pathogenic',''),('CFBP7629','merda2016recombination','Juglans','regia','curation','non-pathogenic',''),('CFBP7630','essakhi2015phylogenetic','Juglans','regia','spray','non-pathogenic',''),('CFBP7630','merda2016recombination','Juglans','regia','curation','non-pathogenic',''),('CFBP7631','essakhi2015phylogenetic','Juglans','regia','spray','non-pathogenic',''),('CFBP7631','merda2016recombination','Juglans','regia','curation','non-pathogenic',''),('CFBP7632','essakhi2015phylogenetic','Juglans','regia','spray','non-pathogenic',''),('CFBP7632','merda2016recombination','Juglans','regia','curation','non-pathogenic',''),('CFBP7633','essakhi2015phylogenetic','Juglans','regia','spray','non-pathogenic',''),('CFBP7633','merda2016recombination','Juglans','regia','curation','non-pathogenic',''),('CFBP7634','cesbron2015comparative','Juglans','regia','unknown','non-pathogenic','unspecified'),('CFBP7634','essakhi2015phylogenetic','Capsicum','annuum','puncture','non-pathogenic',''),('CFBP7634','essakhi2015phylogenetic','Juglans','regia','spray','non-pathogenic',''),('CFBP7634','essakhi2015phylogenetic','Lycopersicum','esculentum','puncture','non-pathogenic',''),('CFBP7634','essakhi2015phylogenetic','Prunus','persica','infiltration','non-pathogenic',''),('CFBP7634','essakhi2015phylogenetic','Raphanus','sativus','clipping','non-pathogenic',''),('CFBP7634','merda2016recombination','Juglans','regia','curation','non-pathogenic',''),('CFBP7635','essakhi2015phylogenetic','Juglans','regia','spray','non-pathogenic',''),('CFBP7635','merda2016recombination','Juglans','regia','curation','non-pathogenic',''),('CFBP7636','essakhi2015phylogenetic','Juglans','regia','spray','non-pathogenic',''),('CFBP7636','merda2016recombination','Juglans','regia','curation','non-pathogenic',''),('CFBP7637','essakhi2015phylogenetic','Juglans','regia','spray','non-pathogenic',''),('CFBP7637','merda2016recombination','Juglans','regia','curation','non-pathogenic',''),('CFBP7638','essakhi2015phylogenetic','Juglans','regia','spray','non-pathogenic',''),('CFBP7638','merda2016recombination','Juglans','regia','curation','non-pathogenic',''),('CFBP7639','essakhi2015phylogenetic','Juglans','regia','spray','non-pathogenic',''),('CFBP7639','merda2016recombination','Juglans','regia','curation','non-pathogenic',''),('CFBP7640','essakhi2015phylogenetic','Juglans','regia','spray','non-pathogenic',''),('CFBP7640','merda2016recombination','Juglans','regia','curation','non-pathogenic',''),('CFBP7641','essakhi2015phylogenetic','Juglans','regia','spray','non-pathogenic',''),('CFBP7641','merda2016recombination','Juglans','regia','curation','non-pathogenic',''),('CFBP7643','merda2016recombination','Juglans','regia','curation','pathogenic','unspecified'),('CFBP7644','essakhi2015phylogenetic','Juglans','regia','spray','non-pathogenic',''),('CFBP7644','merda2016recombination','Juglans','regia','curation','non-pathogenic',''),('CFBP7645','essakhi2015phylogenetic','Capsicum','annuum','puncture','non-pathogenic',''),('CFBP7645','essakhi2015phylogenetic','Juglans','regia','spray','non-pathogenic',''),('CFBP7645','essakhi2015phylogenetic','Lycopersicum','esculentum','puncture','non-pathogenic',''),('CFBP7645','essakhi2015phylogenetic','Prunus','persica','infiltration','non-pathogenic',''),('CFBP7645','essakhi2015phylogenetic','Raphanus','sativus','clipping','non-pathogenic',''),('CFBP7645','merda2016recombination','Juglans','regia','curation','non-pathogenic',''),('CFBP7646','essakhi2015phylogenetic','Juglans','regia','spray','non-pathogenic',''),('CFBP7646','merda2016recombination','Juglans','regia','curation','non-pathogenic',''),('CFBP7647','essakhi2015phylogenetic','Juglans','regia','spray','non-pathogenic',''),('CFBP7647','merda2016recombination','Juglans','regia','curation','non-pathogenic',''),('CFBP7648','essakhi2015phylogenetic','Juglans','regia','spray','non-pathogenic',''),('CFBP7648','merda2016recombination','Juglans','regia','curation','non-pathogenic',''),('CFBP7649','essakhi2015phylogenetic','Juglans','regia','spray','non-pathogenic',''),('CFBP7649','merda2016recombination','Juglans','regia','curation','non-pathogenic',''),('CFBP7650','essakhi2015phylogenetic','Juglans','regia','spray','non-pathogenic',''),('CFBP7650','merda2016recombination','Juglans','regia','curation','non-pathogenic',''),('CFBP7651','cesbron2015comparative','Juglans','regia','unknown','non-pathogenic','unspecified'),('CFBP7651','essakhi2015phylogenetic','Capsicum','annuum','puncture','non-pathogenic',''),('CFBP7651','essakhi2015phylogenetic','Juglans','regia','spray','non-pathogenic',''),('CFBP7651','essakhi2015phylogenetic','Lycopersicum','esculentum','puncture','non-pathogenic',''),('CFBP7651','essakhi2015phylogenetic','Prunus','persica','infiltration','non-pathogenic',''),('CFBP7651','essakhi2015phylogenetic','Raphanus','sativus','clipping','non-pathogenic',''),('CFBP7651','merda2016recombination','Juglans','regia','curation','non-pathogenic',''),('CFBP7652','essakhi2015phylogenetic','Capsicum','annuum','puncture','non-pathogenic',''),('CFBP7652','essakhi2015phylogenetic','Juglans','regia','spray','non-pathogenic',''),('CFBP7652','essakhi2015phylogenetic','Lycopersicum','esculentum','puncture','non-pathogenic',''),('CFBP7652','essakhi2015phylogenetic','Prunus','persica','infiltration','non-pathogenic',''),('CFBP7652','essakhi2015phylogenetic','Raphanus','sativus','clipping','non-pathogenic',''),('CFBP7652','merda2016recombination','Juglans','regia','curation','non-pathogenic',''),('CFBP7653','essakhi2015phylogenetic','Capsicum','annuum','puncture','non-pathogenic',''),('CFBP7653','essakhi2015phylogenetic','Juglans','regia','spray','non-pathogenic',''),('CFBP7653','essakhi2015phylogenetic','Lycopersicum','esculentum','puncture','non-pathogenic',''),('CFBP7653','essakhi2015phylogenetic','Prunus','persica','infiltration','non-pathogenic',''),('CFBP7653','essakhi2015phylogenetic','Raphanus','sativus','clipping','non-pathogenic',''),('CFBP7653','merda2016recombination','Juglans','regia','curation','non-pathogenic',''),('CFBP7654','essakhi2015phylogenetic','Juglans','regia','spray','non-pathogenic',''),('CFBP7654','merda2016recombination','Juglans','regia','curation','non-pathogenic',''),('CFBP7655','essakhi2015phylogenetic','Juglans','regia','spray','non-pathogenic',''),('CFBP7655','merda2016recombination','Juglans','regia','curation','non-pathogenic',''),('CFBP7656','essakhi2015phylogenetic','Juglans','regia','spray','non-pathogenic',''),('CFBP7656','merda2016recombination','Juglans','regia','curation','non-pathogenic',''),('CFBP7697','merda2016recombination','Phaseolus','vulgaris','curation','non-pathogenic',''),('CFBP7698','meline2019role','Phaseolus','vulgaris','dip','non-pathogenic',''),('CFBP7700','meline2019role','Phaseolus','vulgaris','dip','non-pathogenic',''),('CFBP7912','meline2019role','Phaseolus','vulgaris','curation','non-pathogenic',''),('CFBP8130','merda2016recombination','Phaseolus','vulgaris','curation','non-pathogenic',''),('CFBP8131','merda2016recombination','Phaseolus','vulgaris','curation','non-pathogenic',''),('CFBP8132','merda2016recombination','Phaseolus','vulgaris','curation','non-pathogenic',''),('CFBP8133','merda2016recombination','Phaseolus','vulgaris','curation','non-pathogenic',''),('CFBP8134','merda2016recombination','Phaseolus','vulgaris','curation','non-pathogenic',''),('CFBP8135','merda2016recombination','Phaseolus','vulgaris','curation','non-pathogenic',''),('CFBP8136','merda2016recombination','Phaseolus','vulgaris','curation','non-pathogenic',''),('CFBP8137','merda2016recombination','Phaseolus','vulgaris','curation','non-pathogenic',''),('CFBP8138','merda2016recombination','Phaseolus','vulgaris','curation','non-pathogenic',''),('CFBP8139','merda2016recombination','Phaseolus','vulgaris','curation','non-pathogenic',''),('CFBP8140','merda2016recombination','Phaseolus','vulgaris','curation','non-pathogenic',''),('CFBP8141','merda2016recombination','Phaseolus','vulgaris','curation','non-pathogenic',''),('CFBP8142','merda2016recombination','Phaseolus','vulgaris','curation','non-pathogenic',''),('CFBP8143','merda2016recombination','Phaseolus','vulgaris','curation','non-pathogenic',''),('CFBP8144','merda2016recombination','Phaseolus','vulgaris','curation','non-pathogenic',''),('CFBP8145','merda2016recombination','Phaseolus','vulgaris','curation','non-pathogenic',''),('CFBP8146','merda2016recombination','Phaseolus','vulgaris','curation','non-pathogenic',''),('CFBP8147','merda2016recombination','Phaseolus','vulgaris','curation','non-pathogenic',''),('CFBP8148','merda2016recombination','Phaseolus','vulgaris','curation','non-pathogenic',''),('CFBP8149','merda2016recombination','Phaseolus','vulgaris','curation','non-pathogenic',''),('CFBP8150','merda2016recombination','Phaseolus','vulgaris','curation','non-pathogenic',''),('CFBP8151','merda2016recombination','Phaseolus','vulgaris','curation','non-pathogenic',''),('CFBP8152','merda2016recombination','Phaseolus','vulgaris','curation','non-pathogenic',''),('CFBP8153','merda2016recombination','Phaseolus','vulgaris','curation','non-pathogenic',''),('CFBP8154','merda2016recombination','Phaseolus','vulgaris','curation','non-pathogenic',''),('CFBP8155','merda2016recombination','Phaseolus','vulgaris','curation','non-pathogenic',''),('CFBP8156','merda2016recombination','Phaseolus','vulgaris','curation','non-pathogenic',''),('CFBP8157','merda2016recombination','Phaseolus','vulgaris','curation','non-pathogenic',''),('CFBP8158','merda2016recombination','Phaseolus','vulgaris','curation','non-pathogenic',''),('CFBP8159','merda2016recombination','Phaseolus','vulgaris','curation','non-pathogenic',''),('CFBP8253','fischer2015aggressive','Juglans','regia','incision','non-pathogenic',''),('CFBP8254','fischer2015aggressive','Juglans','regia','incision','pathogenic','normal'),('CFBP8254','hajri2010identification','Juglans','regia','incision','pathogenic','normal'),('CIAT1059','gonzalez2002characterization','Maniholt','esculenta','puncture','non-pathogenic',''),('CIAT1135','gonzalez2002characterization','Maniholt','esculenta','puncture','non-pathogenic',''),('CIO188','gonzalez2002characterization','Maniholt','esculenta','puncture','non-pathogenic',''),('CIO382','gonzalez2002characterization','Maniholt','esculenta','puncture','pathogenic','unspecified'),('CIO40','gonzalez2002characterization','Maniholt','esculenta','puncture','pathogenic','unspecified'),('CIO46','gonzalez2002characterization','Maniholt','esculenta','puncture','pathogenic','unspecified'),('CITA11','garita2016comparative','Prunus','persica','infiltration','pathogenic','unspecified'),('CITA124','garita2017pan','Prunus','persica','infiltration','non-pathogenic',''),('CITA14','garita2017pan','Prunus','persica','infiltration','non-pathogenic',''),('CITA149','garita2017pan','Prunus','persica','infiltration','non-pathogenic',''),('CITA33','garita2016comparative','Prunus','persica','infiltration','pathogenic','unspecified'),('CITA33','garita2017pan','Prunus','persica','infiltration','pathogenic','unspecified'),('CITA4','garita2016comparative','Prunus','persica','infiltration','pathogenic','unspecified'),('CITA42','garita2017pan','Prunus','persica','infiltration','non-pathogenic',''),('CITA44','garita2016comparative','Prunus','persica','infiltration','non-pathogenic',''),('CITA46','garita2016comparative','Prunus','persica','infiltration','pathogenic','unspecified'),('CITA49','garita2017pan','Prunus','persica','infiltration','non-pathogenic',''),('CITA51','garita2017pan','Prunus','persica','infiltration','non-pathogenic',''),('CITA70','garita2016comparative','Prunus','persica','infiltration','pathogenic','unspecified'),('CITA9','garita2016comparative','Prunus','persica','infiltration','pathogenic','unspecified'),('EDTA12710','merda2016recombination','Juglans','regia','curation','pathogenic','unspecified'),('EDTA12785','merda2016recombination','Juglans','regia','curation','pathogenic','unspecified'),('GPE27','daugrois2003aerial','Saccharum','officinarum','decapitation','pathogenic','normal'),('GPE30','daugrois2003aerial','Saccharum','officinarum','decapitation','pathogenic','normal'),('GPE34','daugrois2003aerial','Saccharum','officinarum','decapitation','pathogenic','normal'),('GPE42','daugrois2003aerial','Saccharum','officinarum','decapitation','pathogenic','normal'),('GPE5SR','daugrois2003aerial','Saccharum','officinarum','decapitation','pathogenic','normal'),('GPECP91','champoiseau2006high','Saccharum','officinarum','decapitation','pathogenic','normal'),('GPEPC101','champoiseau2006high','Saccharum','officinarum','decapitation','non-pathogenic',''),('GPEPC106','champoiseau2006high','Saccharum','officinarum','decapitation','non-pathogenic',''),('GPEPC125','champoiseau2006high','Saccharum','officinarum','decapitation','non-pathogenic',''),('GPEPC142','champoiseau2006high','Saccharum','officinarum','decapitation','pathogenic','mild'),('GPEPC143','champoiseau2006high','Saccharum','officinarum','decapitation','pathogenic','severe'),('GPEPC145','champoiseau2006high','Saccharum','officinarum','decapitation','pathogenic','severe'),('GPEPC17','champoiseau2006high','Saccharum','officinarum','decapitation','non-pathogenic',''),('GPEPC23','champoiseau2006high','Saccharum','officinarum','decapitation','non-pathogenic',''),('GPEPC52','champoiseau2006high','Saccharum','officinarum','decapitation','pathogenic','severe'),('GPEPC73','champoiseau2006high','Saccharum','officinarum','decapitation','pathogenic','severe'),('GPEPC75','champoiseau2006high','Saccharum','officinarum','decapitation','pathogenic','normal'),('GPEPC79','champoiseau2006high','Saccharum','officinarum','decapitation','pathogenic','normal'),('GPEPC80','champoiseau2006high','Saccharum','officinarum','decapitation','pathogenic','mild'),('GPEPC81','champoiseau2006high','Saccharum','officinarum','decapitation','non-pathogenic',''),('GPEPC83','champoiseau2006high','Saccharum','officinarum','decapitation','non-pathogenic',''),('GPEPC84','champoiseau2006high','Saccharum','officinarum','decapitation','non-pathogenic',''),('GPEPC86','champoiseau2006high','Saccharum','officinarum','decapitation','non-pathogenic',''),('GPEPC87','champoiseau2006high','Saccharum','officinarum','decapitation','pathogenic','normal'),('ICMP12167','young2010new','Dysoxylum','spectabile','spray','non-pathogenic',''),('ICMP12167','young2010new','Laurelia','novae-zelandiae','spray','non-pathogenic',''),('ICMP12167','young2010new','Metrosideros','excelsa','spray','non-pathogenic',''),('ICMP16370','young2010new','Dysoxylum','spectabile','spray','pathogenic',''),('ICMP16370','young2010new','Laurelia','novae-zelandiae','spray','non-pathogenic',''),('ICMP16370','young2010new','Metrosideros','excelsa','spray','non-pathogenic',''),('ICMP16372','young2010new','Dysoxylum','spectabile','spray','pathogenic',''),('ICMP16372','young2010new','Laurelia','novae-zelandiae','spray','non-pathogenic',''),('ICMP16372','young2010new','Metrosideros','excelsa','spray','non-pathogenic',''),('ICMP16466','young2010new','Dysoxylum','spectabile','spray','pathogenic',''),('ICMP16466','young2010new','Laurelia','novae-zelandiae','spray','non-pathogenic',''),('ICMP16466','young2010new','Metrosideros','excelsa','spray','non-pathogenic',''),('ICMP16468','young2010new','Dysoxylum','spectabile','spray','pathogenic',''),('ICMP16468','young2010new','Laurelia','novae-zelandiae','spray','non-pathogenic',''),('ICMP16468','young2010new','Metrosideros','excelsa','spray','non-pathogenic',''),('ICMP16473','young2010new','Dysoxylum','spectabile','spray','non-pathogenic',''),('ICMP16473','young2010new','Laurelia','novae-zelandiae','spray','non-pathogenic',''),('ICMP16473','young2010new','Metrosideros','excelsa','spray','non-pathogenic',''),('ICMP1921','young2010new','Dysoxylum','spectabile','spray','pathogenic',''),('ICMP1921','young2010new','Laurelia','novae-zelandiae','spray','non-pathogenic',''),('ICMP1921','young2010new','Metrosideros','excelsa','spray','non-pathogenic',''),('ICMP2374','young2010new','Dysoxylum','spectabile','spray','pathogenic',''),('ICMP2374','young2010new','Laurelia','novae-zelandiae','spray','non-pathogenic',''),('ICMP2374','young2010new','Metrosideros','excelsa','spray','non-pathogenic',''),('ICMP2415','young2010new','Dysoxylum','spectabile','spray','pathogenic',''),('ICMP2415','young2010new','Laurelia','novae-zelandiae','spray','non-pathogenic',''),('ICMP2415','young2010new','Metrosideros','excelsa','spray','non-pathogenic',''),('ICMP4939','young2010new','Dysoxylum','spectabile','spray','non-pathogenic',''),('ICMP4939','young2010new','Laurelia','novae-zelandiae','spray','non-pathogenic',''),('ICMP4939','young2010new','Metrosideros','excelsa','spray','non-pathogenic',''),('ICMP6041','young2010new','Dysoxylum','spectabile','spray','pathogenic',''),('ICMP6041','young2010new','Laurelia','novae-zelandiae','spray','non-pathogenic',''),('ICMP6041','young2010new','Metrosideros','excelsa','spray','non-pathogenic',''),('ICMP6431','hersemann2017comparative','Lolium','multiflorum','clipping','pathogenic','mild'),('ICMP6465','young2010new','Dysoxylum','spectabile','spray','pathogenic',''),('ICMP6465','young2010new','Laurelia','novae-zelandiae','spray','non-pathogenic',''),('ICMP6465','young2010new','Metrosideros','excelsa','spray','non-pathogenic',''),('ICMP674','young2010new','Dysoxylum','spectabile','spray','non-pathogenic',''),('ICMP674','young2010new','Laurelia','novae-zelandiae','spray','pathogenic',''),('ICMP674','young2010new','Metrosideros','excelsa','spray','non-pathogenic',''),('ICMP6759','young2010new','Dysoxylum','spectabile','spray','pathogenic',''),('ICMP6759','young2010new','Laurelia','novae-zelandiae','spray','non-pathogenic',''),('ICMP6759','young2010new','Metrosideros','excelsa','spray','non-pathogenic',''),('ICMP84','young2010new','Dysoxylum','spectabile','spray','non-pathogenic',''),('ICMP84','young2010new','Laurelia','novae-zelandiae','spray','pathogenic',''),('ICMP84','young2010new','Metrosideros','excelsa','spray','non-pathogenic',''),('IVIA2626.1','garita2016comparative','Prunus','persica','infiltration','pathogenic','unspecified'),('IVIA2647-1-2','garita2016comparative','Prunus','persica','infiltration','pathogenic','unspecified'),('IVIA2647-3-1','garita2016comparative','Prunus','persica','infiltration','pathogenic','unspecified'),('IVIA2826-1','garita2016comparative','Prunus','persica','infiltration','pathogenic','unspecified'),('IVIA2832-10','garita2016comparative','Prunus','persica','infiltration','pathogenic','unspecified'),('IVIA3161-2','garita2016comparative','Prunus','persica','infiltration','pathogenic','unspecified'),('IVIA3162','garita2016comparative','Prunus','persica','infiltration','pathogenic','unspecified'),('IVIA3487-1','garita2016comparative','Prunus','persica','infiltration','pathogenic','unspecified'),('J303','garita2018xanthomonas','Juglans','regia','curation','pathogenic','unspecified'),('LMG10380','rademaker2006classification','Asparagus','virgatus','mist','non-pathogenic',''),('LMG10380','rademaker2006classification','Hordeum','vulgare','mist','pathogenic','unspecified'),('LMG12456','vauterin1996identification','Phaseolus','vulgaris','unknown','non-pathogenic',''),('LMG12457','vauterin1996identification','Euphorbia','heterophylla','unknown','non-pathogenic',''),('LMG12458','vauterin1996identification','Acanthospermum','hispidum','unknown','non-pathogenic',''),('LMG12459','vauterin1996identification','Nicotiana','tabacum','unknown','non-pathogenic',''),('LMG12459','vauterin1996identification','Oryza','sativa','unknown','non-pathogenic',''),('LMG12460','vauterin1996identification','Nicotiana','tabacum','unknown','non-pathogenic',''),('LMG12460','vauterin1996identification','Oryza','sativa','unknown','non-pathogenic',''),('LMG12461','vauterin1996identification','Nicotiana','tabacum','unknown','non-pathogenic',''),('LMG12461','vauterin1996identification','Oryza','sativa','unknown','non-pathogenic',''),('LMG12462','vauterin1996identification','Nicotiana','tabacum','unknown','non-pathogenic',''),('LMG12462','vauterin1996identification','Oryza','sativa','unknown','non-pathogenic',''),('LMG12919','vauterin1996identification','Anthurium','andreanum','unknown','non-pathogenic',''),('LMG12921','vauterin1996identification','Anthurium','andreanum','unknown','non-pathogenic',''),('LMG12938','vauterin1996identification','Brassica','oleracea','unknown','non-pathogenic',''),('LMG12938','vauterin1996identification','Camellia','sinensis','unknown','non-pathogenic',''),('LMG12938','vauterin1996identification','Chrysanthemum','coronarium','unknown','non-pathogenic',''),('LMG12938','vauterin1996identification','Citrus','sinensis','unknown','non-pathogenic',''),('LMG12938','vauterin1996identification','Cucumis','sativus','unknown','non-pathogenic',''),('LMG12938','vauterin1996identification','Glycine','max','unknown','non-pathogenic',''),('LMG12938','vauterin1996identification','Lactuca','sativa','unknown','non-pathogenic',''),('LMG12938','vauterin1996identification','Nicotiana','tabacum','unknown','non-pathogenic',''),('LMG12938','vauterin1996identification','Phaseolus','vulgaris','unknown','non-pathogenic',''),('LMG12938','vauterin1996identification','Physalis','peruviana','unknown','non-pathogenic',''),('LMG12939','vauterin1996identification','Lactuca','sativa','unknown','non-pathogenic',''),('LMG12941','vauterin1996identification','Pueraria','robata','unknown','non-pathogenic',''),('LMG12943','vauterin1996identification','Glycine','max','unknown','non-pathogenic',''),('LMG12945','vauterin1996identification','Lycopersicum','esculentum','unknown','non-pathogenic',''),('LMG12946','vauterin1996identification','Lycopersicum','esculentum','unknown','non-pathogenic',''),('LMG12949','vauterin1996identification','Daucus','carota','unknown','non-pathogenic',''),('LMG12950','vauterin1996identification','Daucus','carota','unknown','non-pathogenic',''),('LMG12951','vauterin1996identification','Cannabis','sativa','unknown','non-pathogenic',''),('LMG12952','vauterin1996identification','Brassica','oleracea','unknown','non-pathogenic',''),('LMG12952','vauterin1996identification','Camellia','sinensis','unknown','non-pathogenic',''),('LMG12952','vauterin1996identification','Chrysanthemum','coronarium','unknown','non-pathogenic',''),('LMG12952','vauterin1996identification','Citrus','sinensis','unknown','non-pathogenic',''),('LMG12952','vauterin1996identification','Cucumis','sativus','unknown','non-pathogenic',''),('LMG12952','vauterin1996identification','Glycine','max','unknown','non-pathogenic',''),('LMG12952','vauterin1996identification','Lactuca','sativa','unknown','non-pathogenic',''),('LMG12952','vauterin1996identification','Nicotiana','tabacum','unknown','non-pathogenic',''),('LMG12952','vauterin1996identification','Phaseolus','vulgaris','unknown','non-pathogenic',''),('LMG12952','vauterin1996identification','Physalis','peruviana','unknown','non-pathogenic',''),('LMG12957','vauterin1996identification','Chrysanthemum','coronarium','unknown','non-pathogenic','petiolerot'),('LMG13546','vauterin1996identification','Salvia','rosmarinus','unknown','non-pathogenic',''),('LMG13549','vauterin1996identification','Cheiranthus','cheiri','unknown','non-pathogenic',''),('LMG19145','ferrante2018xanthomonas','Actinidia','deliciosa','spray','non-pathogenic',''),('LMG19145','ferrante2018xanthomonas','Corylus','avellana','spray','non-pathogenic',''),('LMG19145','ferrante2018xanthomonas','Fragaria','ananassa','spray','pathogenic','normal'),('LMG19145','ferrante2018xanthomonas','Juglans','regia','spray','non-pathogenic',''),('LMG19145','ferrante2018xanthomonas','Malus','domestica','spray','non-pathogenic',''),('LMG19145','ferrante2018xanthomonas','Prunus','persica','spray','non-pathogenic',''),('LMG19145','merda2016recombination','Fragaria','ananassa','curation','non-pathogenic',''),('LMG19145','vandroemme2013xanthomonas','Fragaria','ananassa','spray','non-pathogenic',''),('LMG25863','vandroemme2013xanthomonas','Fragaria','ananassa','spray','pathogenic','normal'),('LMG26906','vandroemme2013xanthomonas','Fragaria','ananassa','spray','non-pathogenic',''),('LMG26912','vandroemme2013xanthomonas','Fragaria','ananassa','spray','non-pathogenic',''),('LMG26913','vandroemme2013xanthomonas','Fragaria','ananassa','spray','non-pathogenic',''),('LMG5261','rademaker2006classification','Asparagus','virgatus','mist','pathogenic','unspecified'),('LMG5261','rademaker2006classification','Hordeum','vulgare','mist','pathogenic','unspecified'),('LMG5263','rademaker2006classification','Asparagus','virgatus','mist','pathogenic','unspecified'),('LMG5263','rademaker2006classification','Hordeum','vulgare','mist','pathogenic','unspecified'),('LMG679','rademaker2006classification','Asparagus','virgatus','mist','pathogenic','unspecified'),('LMG679','rademaker2006classification','Hordeum','vulgare','mist','pathogenic','unspecified'),('LMG718','rademaker2006classification','Asparagus','virgatus','mist','non-pathogenic',''),('LMG718','rademaker2006classification','Hordeum','vulgare','mist','pathogenic','unspecified'),('LMG7392','rademaker2006classification','Asparagus','virgatus','mist','pathogenic','unspecified'),('LMG7392','rademaker2006classification','Hordeum','vulgare','mist','pathogenic','unspecified'),('LMG7393','rademaker2006classification','Asparagus','virgatus','mist','non-pathogenic',''),('LMG7393','rademaker2006classification','Hordeum','vulgare','mist','pathogenic','unspecified'),('LMG7445','rademaker2006classification','Asparagus','virgatus','mist','pathogenic','unspecified'),('LMG7445','rademaker2006classification','Hordeum','vulgare','mist','pathogenic','unspecified'),('LMG8280','rademaker2006classification','Asparagus','virgatus','mist','pathogenic','unspecified'),('LMG8280','rademaker2006classification','Hordeum','vulgare','mist','pathogenic','unspecified'),('LMG8281','rademaker2006classification','Asparagus','virgatus','mist','non-pathogenic',''),('LMG8281','rademaker2006classification','Hordeum','vulgare','mist','pathogenic','unspecified'),('LMG8282','rademaker2006classification','Asparagus','virgatus','mist','non-pathogenic',''),('LMG8282','rademaker2006classification','Hordeum','vulgare','mist','pathogenic','unspecified'),('LMG877','rademaker2006classification','Asparagus','virgatus','mist','pathogenic','unspecified'),('LMG877','rademaker2006classification','Hordeum','vulgare','mist','pathogenic','unspecified'),('LMG878','rademaker2006classification','Asparagus','virgatus','mist','non-pathogenic',''),('LMG878','rademaker2006classification','Hordeum','vulgare','mist','pathogenic','unspecified'),('LMG880','rademaker2006classification','Asparagus','virgatus','mist','pathogenic','unspecified'),('LMG880','rademaker2006classification','Hordeum','vulgare','mist','pathogenic','unspecified'),('LMG881','rademaker2006classification','Asparagus','virgatus','mist','pathogenic','unspecified'),('LMG881','rademaker2006classification','Hordeum','vulgare','mist','pathogenic','unspecified'),('LMG886','rademaker2006classification','Asparagus','virgatus','mist','pathogenic','unspecified'),('LMG886','rademaker2006classification','Hordeum','vulgare','mist','pathogenic','unspecified'),('LMG889','rademaker2006classification','Asparagus','virgatus','mist','non-pathogenic',''),('LMG889','rademaker2006classification','Hordeum','vulgare','mist','pathogenic','unspecified'),('LMG8984','vauterin1996identification','Lycopersicum','esculentum','unknown','non-pathogenic',''),('LMG8986','vauterin1996identification','Linaria','','unknown','non-pathogenic',''),('LMG8988','vauterin1996identification','Lycopersicum','esculentum','unknown','non-pathogenic',''),('LMG8989','vauterin1996identification','Citrus','sinensis','unknown','non-pathogenic',''),('LMG8991','vauterin1996identification','Lycopersicum','esculentum','unknown','non-pathogenic',''),('LMG8992','vauterin1996identification','Citrus','sinensis','unknown','non-pathogenic',''),('LMG8993','vauterin1996identification','Citrus','sinensis','unknown','non-pathogenic',''),('LMG8994','vauterin1996identification','Physalis','peruviana','unknown','non-pathogenic',''),('LMG8996','vauterin1996identification','Lycopersicum','esculentum','unknown','non-pathogenic',''),('LMG8997','vauterin1996identification','Lycopersicum','esculentum','unknown','non-pathogenic',''),('LMG8999','vauterin1996identification','Lycopersicum','esculentum','unknown','non-pathogenic',''),('LMG9000','vauterin1996identification','Solanum','nigrum','unknown','non-pathogenic',''),('LMG9001','vauterin1996identification','Capsicum','annuum','unknown','non-pathogenic',''),('LMG9002','vauterin1996identification','Citrus','sinensis','unknown','non-pathogenic',''),('M92','triplett2015characterization','Oryza','sativa','infiltration','non-pathogenic',''),('MAFF301420','garita2018xanthomonas','Prunus','persica','curation','pathogenic','unspecified'),('MAFF301427','garita2018xanthomonas','Prunus','persica','curation','pathogenic','unspecified'),('MAFF311562','garita2018xanthomonas','Prunus','persica','curation','pathogenic','unspecified'),('MAI16','wonni2014analysis','Oryza','sativa','infiltration','pathogenic','normal'),('MAI17','wonni2014analysis','Oryza','sativa','infiltration','pathogenic','normal'),('MAI18','wonni2014analysis','Oryza','sativa','infiltration','pathogenic','mild'),('MAI19','wonni2014analysis','Oryza','sativa','infiltration','pathogenic','normal'),('MAI20','wonni2014analysis','Oryza','sativa','infiltration','pathogenic','normal'),('MAI21','wonni2014analysis','Oryza','sativa','infiltration','pathogenic','mild'),('MAI22','wonni2014analysis','Oryza','sativa','infiltration','pathogenic','normal'),('MAI23','wonni2014analysis','Oryza','sativa','infiltration','pathogenic','normal'),('MAI24','wonni2014analysis','Oryza','sativa','infiltration','pathogenic','normal'),('MAI25','wonni2014analysis','Oryza','sativa','infiltration','pathogenic','normal'),('MAI26','wonni2014analysis','Oryza','sativa','infiltration','pathogenic','mild'),('MAI28','wonni2014analysis','Oryza','sativa','infiltration','pathogenic','normal'),('MAI29','wonni2014analysis','Oryza','sativa','infiltration','pathogenic','normal'),('MAI3','wonni2014analysis','Oryza','sativa','infiltration','pathogenic','severe'),('MAI30','wonni2014analysis','Oryza','sativa','infiltration','pathogenic','normal'),('MAI31','wonni2014analysis','Oryza','sativa','infiltration','pathogenic','normal'),('MAI32','wonni2014analysis','Oryza','sativa','infiltration','pathogenic','normal'),('MAI33','wonni2014analysis','Oryza','sativa','infiltration','pathogenic','normal'),('MAI34','wonni2014analysis','Oryza','sativa','infiltration','pathogenic','normal'),('MAI35','wonni2014analysis','Oryza','sativa','infiltration','pathogenic','normal'),('MAI36','wonni2014analysis','Oryza','sativa','infiltration','pathogenic','normal'),('MAI37','wonni2014analysis','Oryza','sativa','infiltration','pathogenic','normal'),('MAI38','wonni2014analysis','Oryza','sativa','infiltration','pathogenic','mild'),('MAI39','wonni2014analysis','Oryza','sativa','infiltration','non-pathogenic',''),('MAI40','wonni2014analysis','Oryza','sativa','infiltration','pathogenic','mild'),('MAI41','wonni2014analysis','Oryza','sativa','infiltration','pathogenic','mild'),('MAI42','wonni2014analysis','Oryza','sativa','infiltration','pathogenic','normal'),('MAI43','wonni2014analysis','Oryza','sativa','infiltration','pathogenic','normal'),('MAI44','wonni2014analysis','Oryza','sativa','infiltration','pathogenic','normal'),('MAI45','wonni2014analysis','Oryza','sativa','infiltration','pathogenic','severe'),('MAI46','wonni2014analysis','Oryza','sativa','infiltration','pathogenic','normal'),('MUS060','orian1962disease','Saccharum','officinarum','unknown','pathogenic','mild'),('nA1','lee2020characterization','Brassica','oleracea','clipping','non-pathogenic',''),('nA2','lee2020characterization','Brassica','oleracea','clipping','non-pathogenic',''),('NCCB100457','caballero2013genome','Corylus','avellana','unknown','pathogenic','unspecified'),('NCPPB1060','karamura2015comparative','Musa','acuminata','unknown','non-pathogenic',''),('NCPPB1060','karamura2015comparative','Saccharum','officinarum','unknown','pathogenic','severe'),('NCPPB1060','karamura2015comparative','Zea','mays','unknown','pathogenic','severe'),('NCPPB1131','karamura2015comparative','Musa','acuminata','unknown','non-pathogenic',''),('NCPPB1132','karamura2015comparative','Musa','acuminata','unknown','non-pathogenic',''),('NCPPB1159','gonzalez2002characterization','Maniholt','esculenta','puncture','non-pathogenic',''),('NCPPB1447','garita2018xanthomonas','Juglans','regia','curation','pathogenic','unspecified'),('NCPPB1630','harrison2016draft','Musa','acuminata','unknown','pathogenic','mild'),('NCPPB1630','karamura2015comparative','Musa','acuminata','unknown','pathogenic','normal'),('NCPPB1630','karamura2015comparative','Saccharum','officinarum','unknown','non-pathogenic',''),('NCPPB1630','karamura2015comparative','Zea','mays','unknown','non-pathogenic',''),('NCPPB186','karamura2015comparative','Musa','acuminata','unknown','non-pathogenic',''),('NCPPB186','karamura2015comparative','Saccharum','officinarum','unknown','pathogenic','severe'),('NCPPB186','karamura2015comparative','Zea','mays','unknown','pathogenic','severe'),('NCPPB2005','karamura2015comparative','Musa','acuminata','unknown','pathogenic','severe'),('NCPPB2005','karamura2015comparative','Saccharum','officinarum','unknown','pathogenic','severe'),('NCPPB2005','karamura2015comparative','Zea','mays','unknown','pathogenic','normal'),('NCPPB206','karamura2015comparative','Musa','acuminata','unknown','non-pathogenic',''),('NCPPB206','karamura2015comparative','Saccharum','officinarum','unknown','pathogenic','severe'),('NCPPB206','karamura2015comparative','Zea','mays','unknown','pathogenic','severe'),('NCPPB2877','jacobs2015comparative','Capsicum','annuum','infiltration','pathogenic','normal'),('NCPPB2877','jacobs2015comparative','Hordeum','vulgare','infiltration','pathogenic','normal'),('NCPPB2985','karamura2015comparative','Musa','acuminata','unknown','non-pathogenic',''),('NCPPB2985','karamura2015comparative','Saccharum','officinarum','unknown','non-pathogenic',''),('NCPPB2985','karamura2015comparative','Zea','mays','unknown','non-pathogenic',''),('NCPPB3126','karamura2015comparative','Musa','acuminata','unknown','non-pathogenic',''),('NCPPB3126','karamura2015comparative','Saccharum','officinarum','unknown','pathogenic','severe'),('NCPPB3126','karamura2015comparative','Zea','mays','unknown','pathogenic','severe'),('NCPPB3709','hersemann2017comparative','Lolium','multiflorum','clipping','pathogenic','mild'),('NCPPB3753','jacobs2015comparative','Capsicum','annuum','infiltration','pathogenic','normal'),('NCPPB3753','jacobs2015comparative','Hordeum','vulgare','infiltration','pathogenic','normal'),('NCPPB4031','karamura2015comparative','Musa','acuminata','unknown','non-pathogenic',''),('NCPPB4031','karamura2015comparative','Saccharum','officinarum','unknown','non-pathogenic',''),('NCPPB4031','karamura2015comparative','Zea','mays','unknown','non-pathogenic',''),('NCPPB4182','vandroemme2013xanthomonas','Fragaria','ananassa','spray','non-pathogenic',''),('NCPPB4183','vandroemme2013xanthomonas','Fragaria','ananassa','spray','non-pathogenic',''),('NCPPB4346','wonni2014analysis','Oryza','sativa','infiltration','pathogenic','mild'),('NCPPB4378','karamura2015comparative','Musa','acuminata','unknown','pathogenic','severe'),('NCPPB4378','karamura2015comparative','Saccharum','officinarum','unknown','pathogenic','severe'),('NCPPB4378','karamura2015comparative','Zea','mays','unknown','pathogenic','normal'),('NCPPB4379','karamura2015comparative','Musa','acuminata','unknown','pathogenic','severe'),('NCPPB4379','karamura2015comparative','Saccharum','officinarum','unknown','pathogenic','severe'),('NCPPB4379','karamura2015comparative','Zea','mays','unknown','pathogenic','normal'),('NCPPB4387','karamura2015comparative','Musa','acuminata','unknown','pathogenic','severe'),('NCPPB4387','karamura2015comparative','Saccharum','officinarum','unknown','pathogenic','severe'),('NCPPB4387','karamura2015comparative','Zea','mays','unknown','pathogenic','normal'),('NCPPB4390','karamura2015comparative','Musa','acuminata','unknown','pathogenic','severe'),('NCPPB4390','karamura2015comparative','Saccharum','officinarum','unknown','pathogenic','severe'),('NCPPB4390','karamura2015comparative','Zea','mays','unknown','pathogenic','normal'),('NCPPB4392','karamura2015comparative','Musa','acuminata','unknown','pathogenic','severe'),('NCPPB4392','karamura2015comparative','Saccharum','officinarum','unknown','pathogenic','severe'),('NCPPB4392','karamura2015comparative','Zea','mays','unknown','pathogenic','normal'),('NCPPB4393','karamura2015comparative','Musa','acuminata','unknown','pathogenic','severe'),('NCPPB4393','karamura2015comparative','Saccharum','officinarum','unknown','pathogenic','severe'),('NCPPB4393','karamura2015comparative','Zea','mays','unknown','pathogenic','normal'),('NCPPB4433','karamura2015comparative','Musa','acuminata','unknown','pathogenic','severe'),('NCPPB4433','karamura2015comparative','Saccharum','officinarum','unknown','pathogenic','severe'),('NCPPB4433','karamura2015comparative','Zea','mays','unknown','pathogenic','normal'),('NCPPB4434','karamura2015comparative','Musa','acuminata','unknown','pathogenic','severe'),('NCPPB4434','karamura2015comparative','Saccharum','officinarum','unknown','pathogenic','severe'),('NCPPB4434','karamura2015comparative','Zea','mays','unknown','pathogenic','normal'),('NCPPB529','karamura2015comparative','Musa','acuminata','unknown','non-pathogenic',''),('NCPPB529','karamura2015comparative','Saccharum','officinarum','unknown','non-pathogenic',''),('NCPPB529','karamura2015comparative','Zea','mays','unknown','non-pathogenic',''),('NCPPB702','karamura2015comparative','Musa','acuminata','unknown','non-pathogenic',''),('NCPPB702','karamura2015comparative','Saccharum','officinarum','unknown','pathogenic','severe'),('NCPPB702','karamura2015comparative','Zea','mays','unknown','pathogenic','severe'),('NCPPB796','karamura2015comparative','Musa','acuminata','unknown','non-pathogenic',''),('NCPPB796','karamura2015comparative','Saccharum','officinarum','unknown','pathogenic','severe'),('NCPPB796','karamura2015comparative','Zea','mays','unknown','pathogenic','severe'),('NCPPB890','karamura2015comparative','Musa','acuminata','unknown','non-pathogenic',''),('NCPPB890','karamura2015comparative','Saccharum','officinarum','unknown','pathogenic','severe'),('NCPPB890','karamura2015comparative','Zea','mays','unknown','pathogenic','severe'),('NCPPB895','karamura2015comparative','Musa','acuminata','unknown','non-pathogenic',''),('NCPPB895','karamura2015comparative','Saccharum','officinarum','unknown','pathogenic','severe'),('NCPPB895','karamura2015comparative','Zea','mays','unknown','pathogenic','severe'),('NCPPB899','karamura2015comparative','Musa','acuminata','unknown','non-pathogenic',''),('NCPPB899','karamura2015comparative','Saccharum','officinarum','unknown','pathogenic','severe'),('NCPPB899','karamura2015comparative','Zea','mays','unknown','pathogenic','severe'),('nE1','lee2020characterization','Brassica','oleracea','clipping','non-pathogenic',''),('nN1','lee2020characterization','Brassica','oleracea','clipping','non-pathogenic',''),('nS1','lee2020characterization','Brassica','oleracea','clipping','non-pathogenic',''),('nT1','lee2020characterization','Brassica','oleracea','clipping','non-pathogenic',''),('Nyagatare','aritua2015draft','Phaseolus','vulgaris','unknown','pathogenic','normal'),('ORST17','gonzalez2002characterization','Maniholt','esculenta','puncture','pathogenic','unspecified'),('ORST172c3','gonzalez2002characterization','Maniholt','esculenta','puncture','non-pathogenic',''),('ORST4','gonzalez2002characterization','Maniholt','esculenta','puncture','non-pathogenic',''),('PD2698','ferrante2018xanthomonas','Fragaria','ananassa','spray','pathogenic','unspecified'),('PPL1','bansal2019xanthomonas','Oryza','sativa','clipping','non-pathogenic',''),('PPL2','bansal2019xanthomonas','Oryza','sativa','clipping','non-pathogenic',''),('PPL3','bansal2019xanthomonas','Oryza','sativa','clipping','non-pathogenic',''),('PXA10-1','kawaguchi2014biological','Prunus','persica','unknown','pathogenic','unspecified'),('R1','fang2015genome','Oryza','sativa','spray','non-pathogenic',''),('SAM144','mirghasempour2020grain','Oryza','sativa','spray','pathogenic','normal'),('WHRI8844','vicente2017pathogenic','Brassica','oleracea','puncture','non-pathogenic',''),('WHRI8844','vicente2017pathogenic','Nasturtium','officinale','puncture','non-pathogenic',''),('WHRI8846A','vicente2017pathogenic','Brassica','oleracea','puncture','non-pathogenic',''),('WHRI8846A','vicente2017pathogenic','Nasturtium','officinale','puncture','non-pathogenic',''),('WHRI8848','vicente2017pathogenic','Brassica','oleracea','puncture','non-pathogenic',''),('WHRI8848','vicente2017pathogenic','Nasturtium','officinale','puncture','non-pathogenic',''),('WHRI8851','vicente2017pathogenic','Brassica','oleracea','puncture','non-pathogenic',''),('WHRI8851','vicente2017pathogenic','Nasturtium','officinale','puncture','non-pathogenic',''),('WHRI8853','vicente2017pathogenic','Brassica','oleracea','puncture','non-pathogenic',''),('WHRI8853','vicente2017pathogenic','Nasturtium','officinale','puncture','pathogenic','severe'),('WHRI8930A','vicente2017pathogenic','Brassica','oleracea','puncture','non-pathogenic',''),('WHRI8930A','vicente2017pathogenic','Nasturtium','officinale','puncture','pathogenic','severe'),('X1553','rademaker2006classification','Asparagus','virgatus','mist','pathogenic','unspecified'),('X1553','rademaker2006classification','Hordeum','vulgare','mist','pathogenic','unspecified'),('X1554','rademaker2006classification','Asparagus','virgatus','mist','pathogenic','unspecified'),('X1554','rademaker2006classification','Hordeum','vulgare','mist','pathogenic','unspecified'),('X1555','rademaker2006classification','Asparagus','virgatus','mist','pathogenic','unspecified'),('X1555','rademaker2006classification','Hordeum','vulgare','mist','pathogenic','unspecified'),('X1556','rademaker2006classification','Asparagus','virgatus','mist','pathogenic','unspecified'),('X1556','rademaker2006classification','Hordeum','vulgare','mist','pathogenic','unspecified'),('X1557','rademaker2006classification','Asparagus','virgatus','mist','pathogenic','unspecified'),('X1557','rademaker2006classification','Hordeum','vulgare','mist','pathogenic','unspecified'),('X1558','rademaker2006classification','Asparagus','virgatus','mist','pathogenic','unspecified'),('X1558','rademaker2006classification','Hordeum','vulgare','mist','pathogenic','unspecified'),('X1571','rademaker2006classification','Asparagus','virgatus','mist','pathogenic','unspecified'),('X1571','rademaker2006classification','Hordeum','vulgare','mist','pathogenic','unspecified'),('X1572','rademaker2006classification','Asparagus','virgatus','mist','pathogenic','unspecified'),('X1572','rademaker2006classification','Hordeum','vulgare','mist','pathogenic','unspecified'),('X1573','rademaker2006classification','Asparagus','virgatus','mist','pathogenic','unspecified'),('X1573','rademaker2006classification','Hordeum','vulgare','mist','pathogenic','unspecified'),('X1574','rademaker2006classification','Asparagus','virgatus','mist','pathogenic','unspecified'),('X1574','rademaker2006classification','Hordeum','vulgare','mist','pathogenic','unspecified'),('X1575','rademaker2006classification','Asparagus','virgatus','mist','pathogenic','unspecified'),('X1575','rademaker2006classification','Hordeum','vulgare','mist','pathogenic','unspecified'),('X1576','rademaker2006classification','Asparagus','virgatus','mist','pathogenic','unspecified'),('X1576','rademaker2006classification','Hordeum','vulgare','mist','pathogenic','unspecified'),('X1577','rademaker2006classification','Asparagus','virgatus','mist','pathogenic','unspecified'),('X1577','rademaker2006classification','Hordeum','vulgare','mist','pathogenic','unspecified'),('X1578','rademaker2006classification','Asparagus','virgatus','mist','pathogenic','unspecified'),('X1578','rademaker2006classification','Hordeum','vulgare','mist','pathogenic','unspecified'),('X1579','rademaker2006classification','Asparagus','virgatus','mist','pathogenic','unspecified'),('X1579','rademaker2006classification','Hordeum','vulgare','mist','pathogenic','unspecified'),('X1580','rademaker2006classification','Asparagus','virgatus','mist','pathogenic','unspecified'),('X1580','rademaker2006classification','Hordeum','vulgare','mist','pathogenic','unspecified'),('X1581','rademaker2006classification','Asparagus','virgatus','mist','pathogenic','unspecified'),('X1581','rademaker2006classification','Hordeum','vulgare','mist','pathogenic','unspecified'),('X1582','rademaker2006classification','Asparagus','virgatus','mist','pathogenic','unspecified'),('X1582','rademaker2006classification','Hordeum','vulgare','mist','pathogenic','unspecified'),('X1583','rademaker2006classification','Asparagus','virgatus','mist','pathogenic','unspecified'),('X1583','rademaker2006classification','Hordeum','vulgare','mist','pathogenic','unspecified'),('X1584','rademaker2006classification','Asparagus','virgatus','mist','pathogenic','unspecified'),('X1584','rademaker2006classification','Hordeum','vulgare','mist','pathogenic','unspecified'),('X1585','rademaker2006classification','Asparagus','virgatus','mist','pathogenic','unspecified'),('X1585','rademaker2006classification','Hordeum','vulgare','mist','pathogenic','unspecified'),('X1586','rademaker2006classification','Asparagus','virgatus','mist','pathogenic','unspecified'),('X1586','rademaker2006classification','Hordeum','vulgare','mist','pathogenic','unspecified'),('X1587','rademaker2006classification','Asparagus','virgatus','mist','pathogenic','unspecified'),('X1587','rademaker2006classification','Hordeum','vulgare','mist','pathogenic','unspecified'),('X1588','rademaker2006classification','Asparagus','virgatus','mist','pathogenic','unspecified'),('X1588','rademaker2006classification','Hordeum','vulgare','mist','pathogenic','unspecified'),('X1589','rademaker2006classification','Asparagus','virgatus','mist','pathogenic','unspecified'),('X1589','rademaker2006classification','Hordeum','vulgare','mist','pathogenic','unspecified'),('X1592','rademaker2006classification','Asparagus','virgatus','mist','pathogenic','unspecified'),('X1592','rademaker2006classification','Hordeum','vulgare','mist','pathogenic','unspecified'),('X1593','rademaker2006classification','Asparagus','virgatus','mist','pathogenic','unspecified'),('X1593','rademaker2006classification','Hordeum','vulgare','mist','pathogenic','unspecified'),('X1594','rademaker2006classification','Asparagus','virgatus','mist','pathogenic','unspecified'),('X1594','rademaker2006classification','Hordeum','vulgare','mist','pathogenic','unspecified'),('X1595','rademaker2006classification','Asparagus','virgatus','mist','pathogenic','unspecified'),('X1595','rademaker2006classification','Hordeum','vulgare','mist','pathogenic','unspecified'),('X1596','rademaker2006classification','Asparagus','virgatus','mist','pathogenic','unspecified'),('X1596','rademaker2006classification','Hordeum','vulgare','mist','pathogenic','unspecified'),('X1597','rademaker2006classification','Asparagus','virgatus','mist','pathogenic','unspecified'),('X1597','rademaker2006classification','Hordeum','vulgare','mist','pathogenic','unspecified'),('X1598','rademaker2006classification','Asparagus','virgatus','mist','pathogenic','unspecified'),('X1598','rademaker2006classification','Hordeum','vulgare','mist','pathogenic','unspecified'),('X1599','rademaker2006classification','Asparagus','virgatus','mist','pathogenic','unspecified'),('X1599','rademaker2006classification','Hordeum','vulgare','mist','pathogenic','unspecified'),('X1650','rademaker2006classification','Asparagus','virgatus','mist','pathogenic','unspecified'),('X1650','rademaker2006classification','Hordeum','vulgare','mist','pathogenic','unspecified'),('XA23','rott1996least','Zea','mays','clipping','pathogenic','normal'),('XA23R1','rott1996least','Zea','mays','clipping','pathogenic','normal'),('Xaj2','higuera2015draft','Juglans','regia','unknown','pathogenic','unspecified'),('Xaj4.1','garita2018xanthomonas','Juglans','regia','curation','pathogenic','unspecified'),('Xaj417','pereira2015complete','Juglans','regia','unknown','pathogenic','unspecified'),('Xaj43a','garita2018xanthomonas','Juglans','regia','curation','pathogenic','unspecified'),('XAS1','daugrois2003aerial','Saccharum','officinarum','decapitation','pathogenic','normal'),('XAS3','daugrois2003aerial','Saccharum','officinarum','decapitation','non-pathogenic',''),('Xcc-05-1','lee2020characterization','Brassica','oleracea','clipping','pathogenic','unspecified'),('Xcc-06','lee2020characterization','Brassica','oleracea','clipping','pathogenic','unspecified'),('Xcc-G','lee2020characterization','Brassica','oleracea','clipping','pathogenic','unspecified'),('Xcc-P1','lee2020characterization','Brassica','oleracea','clipping','pathogenic','unspecified'),('Xcc-P5-1','lee2020characterization','Brassica','oleracea','clipping','pathogenic','unspecified'),('Xcc-T1','lee2020characterization','Brassica','oleracea','clipping','pathogenic','unspecified'),('Xcc-TG1','lee2020characterization','Brassica','oleracea','clipping','pathogenic','unspecified'),('Xcc-X3LB','lee2020characterization','Brassica','oleracea','clipping','pathogenic','unspecified'),('Xcc1-1','lee2020characterization','Brassica','oleracea','clipping','pathogenic','unspecified'),('Xcr-R1','lee2020characterization','Brassica','oleracea','clipping','pathogenic','unspecified'),('Xcr-TGA','lee2020characterization','Brassica','oleracea','clipping','pathogenic','unspecified'),('Xcr-TH1B','lee2020characterization','Brassica','oleracea','clipping','pathogenic','unspecified'),('Xcr-X2B1','lee2020characterization','Brassica','oleracea','clipping','pathogenic','unspecified'),('Xcr-X3A2','lee2020characterization','Brassica','oleracea','clipping','pathogenic','unspecified'),('XTG1','kolliker2006genetic','Lolium','multiflorum','clipping','pathogenic','normal'),('XTG10','hersemann2017comparative','Lolium','multiflorum','clipping','pathogenic','normal'),('XTG10','kolliker2006genetic','Lolium','multiflorum','clipping','pathogenic','severe'),('XTG11','kolliker2006genetic','Lolium','multiflorum','clipping','pathogenic','severe'),('XTG12','kolliker2006genetic','Lolium','multiflorum','clipping','pathogenic','normal'),('XTG13','kolliker2006genetic','Lolium','multiflorum','clipping','pathogenic','normal'),('XTG14','kolliker2006genetic','Lolium','multiflorum','clipping','pathogenic','normal'),('XTG15','kolliker2006genetic','Lolium','multiflorum','clipping','pathogenic','severe'),('XTG16','kolliker2006genetic','Lolium','multiflorum','clipping','pathogenic','severe'),('XTG17','kolliker2006genetic','Lolium','multiflorum','clipping','pathogenic','normal'),('XTG18','kolliker2006genetic','Lolium','multiflorum','clipping','pathogenic','normal'),('XTG19','kolliker2006genetic','Lolium','multiflorum','clipping','pathogenic','normal'),('XTG2','hersemann2017comparative','Lolium','multiflorum','clipping','pathogenic','normal'),('XTG2','kolliker2006genetic','Lolium','multiflorum','clipping','pathogenic','normal'),('XTG20','kolliker2006genetic','Lolium','multiflorum','clipping','pathogenic','mild'),('XTG21','kolliker2006genetic','Lolium','multiflorum','clipping','pathogenic','normal'),('XTG22','kolliker2006genetic','Lolium','multiflorum','clipping','pathogenic','mild'),('XTG23','kolliker2006genetic','Lolium','multiflorum','clipping','pathogenic','normal'),('XTG24','kolliker2006genetic','Lolium','multiflorum','clipping','pathogenic','normal'),('XTG25','kolliker2006genetic','Lolium','multiflorum','clipping','non-pathogenic',''),('XTG26','kolliker2006genetic','Lolium','multiflorum','clipping','pathogenic','mild'),('XTG27','kolliker2006genetic','Lolium','multiflorum','clipping','pathogenic','mild'),('XTG28','kolliker2006genetic','Lolium','multiflorum','clipping','pathogenic','normal'),('XTG29','hersemann2017comparative','Lolium','multiflorum','clipping','pathogenic','normal'),('XTG29','kolliker2006genetic','Lolium','multiflorum','clipping','pathogenic','severe'),('XTG3','kolliker2006genetic','Lolium','multiflorum','clipping','pathogenic','normal'),('XTG30','kolliker2006genetic','Lolium','multiflorum','clipping','pathogenic',''),('XTG31','kolliker2006genetic','Lolium','multiflorum','clipping','pathogenic','normal'),('XTG4','kolliker2006genetic','Lolium','multiflorum','clipping','pathogenic','normal'),('XTG5','kolliker2006genetic','Lolium','multiflorum','clipping','pathogenic','severe'),('XTG6','kolliker2006genetic','Lolium','multiflorum','clipping','pathogenic','normal'),('XTG7','kolliker2006genetic','Lolium','multiflorum','clipping','pathogenic','normal'),('XTG8','kolliker2006genetic','Lolium','multiflorum','clipping','pathogenic','normal'),('XTG9','hersemann2017comparative','Lolium','multiflorum','clipping','pathogenic','normal'),('XTG9','kolliker2006genetic','Lolium','multiflorum','clipping','pathogenic','severe');
/*!40000 ALTER TABLE `test` ENABLE KEYS */;
UNLOCK TABLES;

--
-- Final view structure for view `filtered`
--

/*!50001 DROP VIEW IF EXISTS `filtered`*/;
/*!50001 SET @saved_cs_client          = @@character_set_client */;
/*!50001 SET @saved_cs_results         = @@character_set_results */;
/*!50001 SET @saved_col_connection     = @@collation_connection */;
/*!50001 SET character_set_client      = utf8mb4 */;
/*!50001 SET character_set_results     = utf8mb4 */;
/*!50001 SET collation_connection      = utf8mb4_general_ci */;
/*!50001 CREATE ALGORITHM=UNDEFINED */
/*!50013 DEFINER=`xanthomonas`@`localhost` SQL SECURITY DEFINER */
/*!50001 VIEW `filtered` AS select `test`.`strainName` AS `strainName`,`test`.`citationKey` AS `citationKey`,`test`.`hostGenus` AS `hostGenus`,`test`.`hostSpecies` AS `hostSpecies`,`test`.`method` AS `method`,`test`.`pathogenicity` AS `pathogenicity`,`test`.`symptoms` AS `symptoms` from `test` where ((`test`.`pathogenicity` <> 'non-pathogenic') or ((`test`.`method` <> 'incision') and (`test`.`hostGenus` <> 'Fragaria'))) */;
/*!50001 SET character_set_client      = @saved_cs_client */;
/*!50001 SET character_set_results     = @saved_cs_results */;
/*!50001 SET collation_connection      = @saved_col_connection */;

--
-- Final view structure for view `hostverified`
--

/*!50001 DROP VIEW IF EXISTS `hostverified`*/;
/*!50001 SET @saved_cs_client          = @@character_set_client */;
/*!50001 SET @saved_cs_results         = @@character_set_results */;
/*!50001 SET @saved_col_connection     = @@collation_connection */;
/*!50001 SET character_set_client      = utf8mb4 */;
/*!50001 SET character_set_results     = utf8mb4 */;
/*!50001 SET collation_connection      = utf8mb4_general_ci */;
/*!50001 CREATE ALGORITHM=UNDEFINED */
/*!50013 DEFINER=`xanthomonas`@`localhost` SQL SECURITY DEFINER */
/*!50001 VIEW `hostverified` AS select distinct `filtered`.`strainName` AS `strainName` from (`filtered` join `strain` on((`filtered`.`strainName` = `strain`.`name`))) where (`filtered`.`hostGenus` = `strain`.`hostGenus`) */;
/*!50001 SET character_set_client      = @saved_cs_client */;
/*!50001 SET character_set_results     = @saved_cs_results */;
/*!50001 SET collation_connection      = @saved_col_connection */;

--
-- Final view structure for view `nonpathogens`
--

/*!50001 DROP VIEW IF EXISTS `nonpathogens`*/;
/*!50001 SET @saved_cs_client          = @@character_set_client */;
/*!50001 SET @saved_cs_results         = @@character_set_results */;
/*!50001 SET @saved_col_connection     = @@collation_connection */;
/*!50001 SET character_set_client      = utf8mb4 */;
/*!50001 SET character_set_results     = utf8mb4 */;
/*!50001 SET collation_connection      = utf8mb4_general_ci */;
/*!50001 CREATE ALGORITHM=UNDEFINED */
/*!50013 DEFINER=`xanthomonas`@`localhost` SQL SECURITY DEFINER */
/*!50001 VIEW `nonpathogens` AS select `filtered`.`strainName` AS `name`,`filtered`.`pathogenicity` AS `pathogenicity`,group_concat(distinct `filtered`.`citationKey` separator ',') AS `source` from `filtered` where ((`filtered`.`pathogenicity` = 'non-pathogenic') and `filtered`.`strainName` in (select `hostverified`.`strainName` from `hostverified`) and `filtered`.`strainName` in (select `filtered`.`strainName` from `filtered` where (`filtered`.`pathogenicity` = 'pathogenic')) is false) group by `filtered`.`strainName` */;
/*!50001 SET character_set_client      = @saved_cs_client */;
/*!50001 SET character_set_results     = @saved_cs_results */;
/*!50001 SET collation_connection      = @saved_col_connection */;

--
-- Final view structure for view `pathogens`
--

/*!50001 DROP VIEW IF EXISTS `pathogens`*/;
/*!50001 SET @saved_cs_client          = @@character_set_client */;
/*!50001 SET @saved_cs_results         = @@character_set_results */;
/*!50001 SET @saved_col_connection     = @@collation_connection */;
/*!50001 SET character_set_client      = utf8mb4 */;
/*!50001 SET character_set_results     = utf8mb4 */;
/*!50001 SET collation_connection      = utf8mb4_general_ci */;
/*!50001 CREATE ALGORITHM=UNDEFINED */
/*!50013 DEFINER=`xanthomonas`@`localhost` SQL SECURITY DEFINER */
/*!50001 VIEW `pathogens` AS select `outerquery`.`strainName` AS `name`,`outerquery`.`pathogenicity` AS `pathogenicity`,group_concat(distinct `outerquery`.`citationKey` separator ',') AS `source` from `filtered` `outerquery` where ((`outerquery`.`pathogenicity` = 'pathogenic') and (`outerquery`.`method` <> 'association')) group by `outerquery`.`strainName` */;
/*!50001 SET character_set_client      = @saved_cs_client */;
/*!50001 SET character_set_results     = @saved_cs_results */;
/*!50001 SET collation_connection      = @saved_col_connection */;

--
-- Final view structure for view `rankedhosts`
--

/*!50001 DROP VIEW IF EXISTS `rankedhosts`*/;
/*!50001 SET @saved_cs_client          = @@character_set_client */;
/*!50001 SET @saved_cs_results         = @@character_set_results */;
/*!50001 SET @saved_col_connection     = @@collation_connection */;
/*!50001 SET character_set_client      = utf8mb4 */;
/*!50001 SET character_set_results     = utf8mb4 */;
/*!50001 SET collation_connection      = utf8mb4_0900_ai_ci */;
/*!50001 CREATE ALGORITHM=UNDEFINED */
/*!50013 DEFINER=`root`@`localhost` SQL SECURITY DEFINER */
/*!50001 VIEW `rankedhosts` AS select `tmp`.`species` AS `species`,group_concat(`tmp`.`host` separator ', ') AS `host` from (select `strain`.`species` AS `species`,concat(`test`.`hostGenus`,' ',`test`.`hostSpecies`) AS `host`,count(`test`.`pathogenicity`) AS `tests` from (`test` join `strain` on((`test`.`strainName` = `strain`.`name`))) group by `strain`.`species`,`host` order by `tests` desc) `tmp` group by `tmp`.`species` */;
/*!50001 SET character_set_client      = @saved_cs_client */;
/*!50001 SET character_set_results     = @saved_cs_results */;
/*!50001 SET collation_connection      = @saved_col_connection */;
/*!40103 SET TIME_ZONE=@OLD_TIME_ZONE */;

/*!40101 SET SQL_MODE=@OLD_SQL_MODE */;
/*!40014 SET FOREIGN_KEY_CHECKS=@OLD_FOREIGN_KEY_CHECKS */;
/*!40014 SET UNIQUE_CHECKS=@OLD_UNIQUE_CHECKS */;
/*!40101 SET CHARACTER_SET_CLIENT=@OLD_CHARACTER_SET_CLIENT */;
/*!40101 SET CHARACTER_SET_RESULTS=@OLD_CHARACTER_SET_RESULTS */;
/*!40101 SET COLLATION_CONNECTION=@OLD_COLLATION_CONNECTION */;
/*!40111 SET SQL_NOTES=@OLD_SQL_NOTES */;

-- Dump completed on 2021-04-12 16:21:20
